invoice_date,product,price_per_unit,predicted_price_per_unit
2021-11-06,Men's Street Footwear,50,49.900415129177844
2021-01-12,Men's Street Footwear,56,56.29475304814735
2021-08-25,Men's Street Footwear,10,9.674961682909874
2021-03-02,Men's Street Footwear,28,28.03557144061687
2021-04-03,Men's Street Footwear,20,20.186091339116686
2020-03-10,Men's Street Footwear,44,44.489330189114334
2020-05-03,Men's Street Footwear,48,48.51960576048856
2020-04-19,Men's Street Footwear,39,38.90808441582812
2020-04-27,Men's Street Footwear,46,45.890157291753646
2021-01-06,Men's Street Footwear,56,55.7225002261092
2021-01-18,Men's Street Footwear,62,61.636729944459915
2021-05-25,Men's Street Footwear,39,39.11476564602399
2020-08-06,Men's Street Footwear,44,44.277031265571985
2021-06-07,Men's Street Footwear,51,51.3240393625156
2020-09-11,Men's Street Footwear,31,30.765235983118064
2020-11-13,Men's Street Footwear,36,36.192313407500635
2020-03-04,Men's Street Footwear,47,46.88963975473285
2020-01-25,Men's Street Footwear,40,39.86605196517802
2020-01-07,Men's Street Footwear,33,32.81654795516367
2021-05-19,Men's Street Footwear,40,39.99969975238892
2020-01-01,Men's Street Footwear,34,34.24103247812118
2021-04-15,Men's Street Footwear,29,28.83327690149632
2021-02-07,Men's Street Footwear,31,30.914721317448496
2020-01-07,Men's Street Footwear,46,45.847991977540595
2021-06-17,Men's Street Footwear,50,49.654801247669184
2020-03-04,Men's Street Footwear,55,54.880051217119174
2020-05-03,Men's Street Footwear,62,61.91932880939065
2021-02-07,Men's Street Footwear,38,38.5963341347735
2021-01-12,Men's Street Footwear,30,30.443034996539314
2021-07-23,Men's Street Footwear,60,60.03215756797478
2021-08-24,Men's Street Footwear,67,66.53902307841196
2021-07-05,Men's Street Footwear,63,62.82399678077522
2021-12-16,Men's Street Footwear,46,46.77615124876506
2020-03-16,Men's Street Footwear,41,41.22063509467269
2020-12-25,Men's Street Footwear,40,39.69400247534665
2020-01-31,Men's Street Footwear,33,32.90814644610323
2020-02-06,Men's Street Footwear,44,43.85045078740071
2020-04-19,Men's Street Footwear,56,55.91071439670765
2020-01-25,Men's Street Footwear,46,46.04564220747185
2021-07-19,Men's Street Footwear,39,39.138403599475254
2021-04-19,Men's Street Footwear,44,43.895003861425614
2020-09-29,Men's Street Footwear,56,56.024859933403995
2021-08-03,Men's Street Footwear,61,60.849325779367746
2021-07-16,Men's Street Footwear,86,85.99925262786854
2020-07-31,Men's Street Footwear,20,19.924335105343804
2020-07-19,Men's Street Footwear,20,19.820228859629527
2020-08-06,Men's Street Footwear,23,22.84909119429071
2020-10-20,Men's Street Footwear,34,33.807783990679376
2020-12-31,Men's Street Footwear,44,43.974069055431364
2020-08-12,Men's Street Footwear,29,29.06828072060606
2020-08-30,Men's Street Footwear,37,37.454425123667086
2021-05-01,Men's Street Footwear,36,36.23584856903457
2020-08-18,Men's Street Footwear,41,40.89553997157166
2021-07-16,Men's Street Footwear,62,61.82401062225322
2021-05-08,Men's Street Footwear,50,49.63924527696248
2020-08-30,Men's Street Footwear,27,27.020321152720605
2021-03-05,Men's Street Footwear,33,33.02755392180955
2020-09-05,Men's Street Footwear,33,33.047409286107836
2020-09-17,Men's Street Footwear,60,59.980876364775796
2020-11-01,Men's Street Footwear,30,29.806159953663258
2021-01-18,Men's Street Footwear,45,44.89954612038006
2021-03-19,Men's Street Footwear,24,23.751475208872584
2021-01-09,Men's Street Footwear,26,26.042547297016483
2021-01-06,Men's Street Footwear,41,40.84912569871323
2021-01-12,Men's Street Footwear,41,40.8712190505213
2020-01-01,Men's Street Footwear,47,47.071819512034864
2020-10-26,Men's Street Footwear,32,32.03158075160886
2021-07-06,Men's Street Footwear,35,34.88432262862429
2021-02-05,Men's Street Footwear,52,51.70050488974689
2021-08-06,Men's Street Footwear,62,61.94695336641998
2021-06-10,Men's Street Footwear,59,58.96013335132597
2021-08-16,Men's Street Footwear,55,54.86684959466363
2021-02-04,Men's Street Footwear,34,34.10851509451844
2021-04-03,Men's Street Footwear,27,27.33430350083657
2020-01-31,Men's Street Footwear,45,45.15631273290275
2020-04-24,Men's Street Footwear,42,41.9443889463845
2020-04-24,Men's Street Footwear,52,52.443068598965546
2020-04-27,Men's Street Footwear,60,59.92974234007521
2021-01-09,Men's Street Footwear,39,38.70746530880668
2020-03-16,Men's Street Footwear,58,58.428445240679366
2020-09-11,Men's Street Footwear,60,59.996580555900785
2020-05-24,Men's Street Footwear,63,62.688238720613
2021-07-23,Men's Street Footwear,60,60.344525243148006
2021-05-13,Men's Street Footwear,36,35.76959822066629
2021-09-10,Men's Street Footwear,30,29.761239293526124
2021-09-16,Men's Street Footwear,34,33.93364332485977
2021-02-11,Men's Street Footwear,40,40.35491220200507
2021-02-05,Men's Street Footwear,39,38.913263757295766
2021-04-09,Men's Street Footwear,28,28.15994671038394
2021-09-06,Men's Street Footwear,31,30.69330542600331
2021-06-18,Men's Street Footwear,31,31.627019302823204
2020-03-10,Men's Street Footwear,59,58.61230660553415
2020-08-12,Men's Street Footwear,43,43.53854570334873
2021-07-16,Men's Street Footwear,83,83.21041714260244
2021-02-17,Men's Street Footwear,26,25.826613394028204
2021-08-24,Men's Street Footwear,69,69.04842271410809
2021-06-17,Men's Street Footwear,47,46.26077980233025
2021-04-19,Men's Street Footwear,36,35.88364707863022
2021-08-17,Men's Street Footwear,41,41.403880202788336
2021-07-16,Men's Street Footwear,68,67.67730082271918
2021-12-16,Men's Street Footwear,48,47.10055917420423
2021-04-07,Men's Street Footwear,31,31.113173742497445
2020-09-05,Men's Street Footwear,44,44.404846996781345
2021-09-22,Men's Street Footwear,34,34.339220094947514
2021-05-15,Men's Street Footwear,39,39.3911137979902
2020-08-18,Men's Street Footwear,28,28.02724761446583
2020-08-24,Men's Street Footwear,29,28.910971914786252
2021-07-02,Men's Street Footwear,60,60.12870430762599
2021-01-12,Men's Street Footwear,41,41.174726222581
2021-12-23,Men's Street Footwear,49,49.25718461481733
2021-08-11,Men's Street Footwear,47,47.0069196787198
2020-02-06,Men's Street Footwear,54,54.405969612571
2021-07-10,Men's Street Footwear,28,27.817573497765938
2021-07-23,Men's Street Footwear,79,79.09117060478388
2021-08-11,Men's Street Footwear,27,26.672851505005962
2021-12-15,Men's Street Footwear,55,55.806691725125866
2021-02-11,Men's Street Footwear,51,50.564781543649765
2021-07-23,Men's Street Footwear,79,79.09117060478388
2021-08-17,Men's Street Footwear,86,85.68252909169199
2021-07-25,Men's Street Footwear,41,40.853419535170694
2020-07-25,Men's Street Footwear,20,19.8682359439153
2020-04-24,Men's Street Footwear,55,54.53953426221229
2021-12-05,Men's Street Footwear,67,66.80705740505697
2021-08-17,Men's Street Footwear,68,68.79884392799838
2021-07-08,Men's Street Footwear,59,58.5100307862071
2021-08-17,Men's Street Footwear,73,73.26320852164818
2021-06-12,Men's Street Footwear,46,45.852072996492225
2020-07-31,Men's Street Footwear,29,29.0474136829797
2020-08-12,Men's Street Footwear,24,24.177981509498792
2021-04-03,Men's Street Footwear,12,12.10230150112675
2021-03-10,Men's Street Footwear,38,37.96934910269906
2021-05-10,Men's Street Footwear,45,45.15032672597428
2021-05-02,Men's Street Footwear,41,41.35987585041349
2021-12-08,Men's Street Footwear,59,58.633930032700746
2021-10-04,Men's Street Footwear,42,42.15907063913035
2020-11-07,Men's Street Footwear,28,28.196096932560952
2020-12-31,Men's Street Footwear,56,55.9595264612505
2021-01-30,Men's Street Footwear,36,35.92851916106658
2021-05-07,Men's Street Footwear,38,38.707750358917664
2021-07-16,Men's Street Footwear,47,47.609935165974754
2020-02-01,Men's Street Footwear,47,47.255728868898395
2020-10-05,Men's Street Footwear,56,55.55863776106597
2021-10-07,Men's Street Footwear,50,50.09376155308412
2021-12-02,Men's Street Footwear,64,64.2956158217393
2021-02-10,Men's Street Footwear,36,35.97924054278996
2021-09-05,Men's Street Footwear,51,50.905032342251474
2021-01-24,Men's Street Footwear,40,40.0716448152456
2021-01-24,Men's Street Footwear,51,50.85704171067574
2021-04-21,Men's Street Footwear,41,40.874632691232165
2020-09-11,Men's Street Footwear,44,44.42996655526516
2021-10-06,Men's Street Footwear,56,55.65610283768364
2021-04-07,Men's Street Footwear,43,42.59166232561347
2021-06-24,Men's Street Footwear,53,53.30322072184429
2021-12-04,Men's Street Footwear,54,54.253966103099785
2021-05-01,Men's Street Footwear,47,46.84038154791748
2021-08-24,Men's Street Footwear,83,82.61375656881307
2021-07-19,Men's Street Footwear,50,49.95207296863504
2021-12-16,Men's Street Footwear,69,69.24236656991553
2021-03-08,Men's Street Footwear,44,43.75909434163348
2021-07-09,Men's Street Footwear,63,63.04299334020586
2021-09-04,Men's Street Footwear,13,13.048112544385221
2021-03-13,Men's Street Footwear,28,28.047165260013298
2020-02-07,Men's Street Footwear,48,47.91257574409099
2021-04-13,Men's Street Footwear,32,32.41755546759459
2021-04-21,Men's Street Footwear,29,29.05450022095066
2021-09-12,Men's Street Footwear,27,26.88366146587986
2021-10-06,Men's Street Footwear,46,46.46207810991938
2021-04-25,Men's Street Footwear,30,30.134195593062774
2020-09-23,Men's Street Footwear,53,52.822106860832655
2021-04-06,Men's Street Footwear,33,33.001305361515335
2021-05-05,Men's Street Footwear,48,48.06613057578525
2021-06-24,Men's Street Footwear,43,42.97131877704349
2021-06-24,Men's Street Footwear,37,36.635432300506636
2021-01-19,Men's Street Footwear,23,23.204313076189464
2021-06-04,Men's Street Footwear,31,30.783949169291496
2021-08-08,Men's Street Footwear,38,38.012741510027986
2021-12-04,Men's Street Footwear,40,40.218396940824576
2020-07-01,Men's Street Footwear,73,72.8592145498203
2021-08-20,Men's Street Footwear,43,43.065508895750995
2021-09-15,Men's Street Footwear,42,42.53425563890023
2021-06-11,Men's Street Footwear,49,49.33767698904291
2021-09-28,Men's Street Footwear,38,37.98080237986233
2020-08-18,Men's Street Footwear,39,39.221959488102115
2021-10-16,Men's Street Footwear,46,45.860508683026424
2021-09-16,Men's Street Footwear,40,39.68655635690533
2020-08-24,Men's Street Footwear,37,37.53441047827444
2021-05-19,Men's Street Footwear,49,48.67208601516188
2021-09-16,Men's Street Footwear,41,41.437834528083485
2020-10-26,Men's Street Footwear,41,40.74814987312214
2021-04-25,Men's Street Footwear,41,40.75388604898704
2021-01-06,Men's Street Footwear,33,33.040137801763585
2021-09-08,Men's Street Footwear,50,49.750770280101456
2021-02-12,Men's Street Footwear,37,37.22914138392301
2021-06-04,Men's Street Footwear,46,46.099895502773336
2021-02-11,Men's Street Footwear,32,31.94097187443382
2021-03-09,Men's Street Footwear,27,26.96296254518413
2021-12-09,Men's Street Footwear,70,69.89142718682602
2020-02-13,Men's Street Footwear,44,44.411286024230535
2021-08-29,Men's Street Footwear,13,12.896930190929321
2021-12-25,Men's Street Footwear,44,43.71986511780945
2021-05-16,Men's Street Footwear,27,27.37608961253403
2021-12-10,Men's Street Footwear,29,29.00417593493657
2021-12-19,Men's Street Footwear,55,55.38256469270679
2020-11-13,Men's Street Footwear,49,48.68405905484437
2021-07-19,Men's Street Footwear,43,42.756024462444934
2021-08-17,Men's Street Footwear,19,19.320331333287807
2021-09-05,Men's Street Footwear,41,41.0853107309914
2021-08-20,Men's Street Footwear,41,41.16774496934296
2021-01-30,Men's Street Footwear,51,50.73067117539003
2021-12-16,Men's Street Footwear,58,57.72140819662802
2020-12-25,Men's Street Footwear,56,56.112358077467846
2021-07-10,Men's Street Footwear,48,48.17308999086491
2021-08-10,Men's Street Footwear,61,60.62555444297209
2021-06-21,Men's Street Footwear,28,27.986869612406178
2021-08-09,Men's Street Footwear,62,62.55695744865594
2021-09-02,Men's Street Footwear,53,52.82895945775858
2021-03-10,Men's Street Footwear,20,20.228291242517784
2021-05-12,Men's Street Footwear,27,26.619592899691792
2021-09-12,Men's Street Footwear,23,23.168386629657075
2021-05-19,Men's Street Footwear,26,25.710116500933914
2020-07-19,Men's Street Footwear,24,24.08510687693653
2020-08-06,Men's Street Footwear,27,27.041172363120104
2020-10-20,Men's Street Footwear,43,43.166993846934574
2021-02-10,Men's Street Footwear,44,43.67423233569718
2021-04-09,Men's Street Footwear,42,41.44375004657052
2021-06-17,Men's Street Footwear,58,57.60516557935825
2021-03-13,Men's Street Footwear,34,34.1117490907797
2021-05-25,Men's Street Footwear,49,49.142797311704726
2021-06-18,Men's Street Footwear,44,44.15632900609323
2021-09-12,Men's Street Footwear,38,38.515820719843035
2021-08-20,Men's Street Footwear,55,54.59590464687864
2021-12-23,Men's Street Footwear,60,59.49293522183647
2021-07-15,Men's Street Footwear,57,56.66855641973317
2021-10-17,Men's Street Footwear,49,48.717115540088976
2021-06-24,Men's Street Footwear,51,51.17566245001002
2021-11-17,Men's Street Footwear,28,27.796129617083995
2021-09-09,Men's Street Footwear,50,49.58515417005796
2021-02-18,Men's Street Footwear,28,27.60482156615092
2021-10-10,Men's Street Footwear,31,30.92954069971664
2021-05-05,Men's Street Footwear,14,13.854451857195244
2021-08-31,Men's Street Footwear,30,30.155280209773977
2021-02-21,Men's Street Footwear,17,17.117282594254466
2020-11-01,Men's Street Footwear,37,37.11941131934656
2021-12-23,Men's Street Footwear,51,50.95447504891556
2021-05-13,Men's Street Footwear,49,48.560070599329094
2020-02-07,Men's Street Footwear,58,58.13627400970351
2021-09-10,Men's Street Footwear,41,40.858517627988874
2021-04-27,Men's Street Footwear,40,39.977278792100186
2021-08-13,Men's Street Footwear,39,38.60112934476181
2021-12-12,Men's Street Footwear,42,41.74233512700508
2021-12-10,Men's Street Footwear,52,52.379369103706296
2021-11-11,Men's Street Footwear,53,53.252006500983626
2021-07-10,Men's Street Footwear,45,45.29844644316742
2021-02-11,Men's Street Footwear,25,25.058878107695584
2021-04-13,Men's Street Footwear,41,40.87798979414996
2021-09-22,Men's Street Footwear,49,48.87079117515546
2021-07-09,Men's Street Footwear,74,73.99022471780484
2021-10-10,Men's Street Footwear,57,56.9739019309322
2021-04-11,Men's Street Footwear,39,38.948164491682945
2021-09-10,Men's Street Footwear,48,48.01280910651545
2021-07-10,Men's Street Footwear,34,34.77323579989764
2021-05-05,Men's Street Footwear,18,18.153200738388087
2021-06-26,Men's Street Footwear,52,51.505544868107464
2021-07-25,Men's Street Footwear,54,54.43803002808214
2021-12-12,Men's Street Footwear,50,49.774242723424734
2021-02-17,Men's Street Footwear,26,25.934271836623815
2021-09-16,Men's Street Footwear,47,47.04137351430889
2021-06-21,Men's Street Footwear,36,35.95160132101506
2021-12-19,Men's Street Footwear,67,66.71219554581539
2021-08-23,Men's Street Footwear,21,20.80779267336249
2021-08-25,Men's Street Footwear,7,7.091681281607223
2021-03-28,Men's Street Footwear,13,13.03708476467514
2021-06-11,Men's Street Footwear,21,20.882002512191384
2021-04-10,Men's Street Footwear,28,27.884049401737528
2021-05-09,Men's Street Footwear,24,24.265669928137488
2021-07-12,Men's Street Footwear,37,37.49225728093983
2021-05-15,Men's Street Footwear,48,48.178053131560574
2021-06-26,Men's Street Footwear,37,36.86064037640531
2021-05-09,Men's Street Footwear,42,41.90404831449639
2021-08-26,Men's Street Footwear,40,40.09056157284067
2021-07-17,Men's Street Footwear,49,48.411970643843695
2020-11-07,Men's Street Footwear,37,36.956480569258865
2020-07-07,Men's Street Footwear,80,79.81524018263154
2021-10-16,Men's Street Footwear,59,59.23412306954601
2021-04-09,Men's Street Footwear,36,35.855771545090576
2021-11-09,Men's Street Footwear,56,55.977010067701606
2021-09-06,Men's Street Footwear,44,44.21324753114153
2021-07-06,Men's Street Footwear,48,48.4244646072484
2021-06-17,Men's Street Footwear,52,51.61436879880157
2021-06-17,Men's Street Footwear,61,61.21487462359716
2021-11-05,Men's Street Footwear,27,26.905664639448567
2021-06-13,Men's Street Footwear,35,34.98941876621965
2021-03-19,Men's Street Footwear,32,32.04227345861444
2021-08-18,Men's Street Footwear,48,47.48780607753623
2021-08-07,Men's Street Footwear,16,15.68965959672404
2021-01-05,Men's Street Footwear,14,13.973143920823835
2021-09-18,Men's Street Footwear,38,38.00355637289124
2021-12-16,Men's Street Footwear,72,72.2645292775513
2021-09-27,Men's Street Footwear,37,36.95834196974456
2020-04-20,Men's Street Footwear,64,64.3897195352097
2021-01-14,Men's Street Footwear,39,38.957214412528565
2021-03-15,Men's Street Footwear,34,34.04773931308126
2020-03-09,Men's Street Footwear,47,47.067208493133165
2021-10-12,Men's Street Footwear,50,50.219747783636485
2021-03-16,Men's Street Footwear,20,19.90176821099321
2021-07-22,Men's Street Footwear,40,39.83284382174961
2021-04-17,Men's Street Footwear,19,19.04931688822173
2021-11-17,Men's Street Footwear,22,21.631468404343
2021-10-18,Men's Street Footwear,24,24.063475553386343
2021-06-19,Men's Street Footwear,44,43.83538902913917
2021-07-16,Men's Street Footwear,58,58.12413388183754
2021-03-16,Men's Street Footwear,18,18.05000076218686
2021-04-15,Men's Street Footwear,36,35.89597414745532
2021-11-03,Men's Street Footwear,44,44.0359624985914
2021-08-17,Men's Street Footwear,56,56.18799915300344
2021-03-19,Men's Street Footwear,15,14.971020187893023
2021-02-21,Men's Street Footwear,18,18.172632817101665
2021-06-05,Men's Street Footwear,40,39.4649212928673
2021-05-03,Men's Street Footwear,28,28.190632606676665
2021-05-18,Men's Street Footwear,44,44.39027521678332
2021-10-11,Men's Street Footwear,24,24.268321806256285
2021-10-04,Men's Street Footwear,30,29.856976056612655
2021-08-19,Men's Street Footwear,15,14.947767023310355
2021-04-05,Men's Street Footwear,15,14.896152854637405
2021-01-23,Men's Street Footwear,17,17.104647500227177
2021-08-11,Men's Street Footwear,42,42.18057762505087
2021-03-22,Men's Street Footwear,20,19.819708958906617
2020-07-25,Men's Street Footwear,23,23.161838769602145
2021-05-07,Men's Street Footwear,47,47.01802414832854
2021-08-17,Men's Street Footwear,87,86.79583646395291
2021-10-04,Men's Street Footwear,30,30.116612453771314
2021-09-14,Men's Street Footwear,31,30.44823790689686
2021-04-20,Men's Street Footwear,19,19.108067832129727
2021-02-14,Men's Street Footwear,18,18.14287930050844
2021-09-19,Men's Street Footwear,35,35.078006818640766
2021-02-17,Men's Street Footwear,32,32.266848361512494
2021-05-15,Men's Street Footwear,53,53.25632748007213
2021-02-17,Men's Street Footwear,34,34.35591259786128
2021-08-24,Men's Street Footwear,81,80.80181557479465
2020-05-20,Men's Street Footwear,59,58.48950223492659
2021-02-02,Men's Street Footwear,37,36.813795760354395
2021-02-08,Men's Street Footwear,42,41.5401666578731
2021-02-04,Men's Street Footwear,18,17.92261592312596
2021-03-06,Men's Street Footwear,21,20.597369900399528
2021-12-19,Men's Street Footwear,55,55.0221140499522
2021-12-17,Men's Street Footwear,49,48.95957170584354
2020-02-13,Men's Street Footwear,62,61.86676453410889
2021-03-10,Men's Street Footwear,18,17.920591137645708
2021-06-10,Men's Street Footwear,67,67.47659543038269
2020-03-09,Men's Street Footwear,58,57.761543379736565
2020-04-26,Men's Street Footwear,63,62.93751486479816
2021-03-04,Men's Street Footwear,41,40.82141188435665
2021-05-09,Men's Street Footwear,29,29.106262983885195
2021-11-16,Men's Street Footwear,49,49.50675726805847
2021-01-11,Men's Street Footwear,23,22.660501930803644
2021-08-10,Men's Street Footwear,79,78.88679148503178
2021-08-01,Men's Street Footwear,19,19.03130330721889
2021-08-25,Men's Street Footwear,9,9.079068641290208
2021-07-22,Men's Street Footwear,49,49.2723373113959
2021-08-31,Men's Street Footwear,43,43.23638477733228
2021-07-12,Men's Street Footwear,47,47.208027323772576
2021-08-08,Men's Street Footwear,46,45.8539004361851
2021-12-25,Men's Street Footwear,55,55.39726052928217
2021-01-19,Men's Street Footwear,34,33.72587212933759
2021-07-17,Men's Street Footwear,36,35.97150011759975
2021-08-18,Men's Street Footwear,38,37.84911236350426
2021-08-11,Men's Street Footwear,33,33.144366618308254
2021-07-17,Men's Street Footwear,64,64.31801486194617
2021-12-10,Men's Street Footwear,39,38.74173595648183
2021-08-18,Men's Street Footwear,60,59.70085010877568
2020-03-03,Men's Street Footwear,47,47.31026849705031
2021-08-23,Men's Street Footwear,41,40.77983320734241
2021-12-22,Men's Street Footwear,35,35.12338713284683
2021-08-04,Men's Street Footwear,40,39.926822704294594
2021-09-19,Men's Street Footwear,35,35.17580357589883
2021-06-15,Men's Street Footwear,39,38.995704645145835
2021-08-14,Men's Street Footwear,40,39.78704980478079
2021-10-11,Men's Street Footwear,36,36.12396795352845
2021-05-17,Men's Street Footwear,47,46.515901000237626
2021-09-17,Men's Street Footwear,51,50.70310036399446
2021-09-24,Men's Street Footwear,20,19.81445849478044
2021-09-04,Men's Street Footwear,19,18.9902031089318
2020-06-25,Men's Street Footwear,71,71.08899704810077
2021-08-19,Men's Street Footwear,19,18.992135634047166
2021-04-13,Men's Street Footwear,37,36.89469443726277
2021-05-24,Men's Street Footwear,38,37.420158387273325
2021-05-19,Men's Street Footwear,28,28.49192163205076
2021-09-24,Men's Street Footwear,35,35.435424140066544
2021-05-27,Men's Street Footwear,43,42.66081827070955
2021-01-14,Men's Street Footwear,35,35.16394696954114
2021-09-10,Men's Street Footwear,44,43.2864983002288
2021-04-05,Men's Street Footwear,19,19.025069341496078
2021-04-20,Men's Street Footwear,20,19.766989019247344
2021-02-12,Men's Street Footwear,33,33.343132684232806
2021-06-04,Men's Street Footwear,42,42.28835402420629
2021-02-22,Men's Street Footwear,41,41.33796663850504
2021-01-23,Men's Street Footwear,17,17.149643937019714
2021-12-13,Men's Street Footwear,51,50.532747624475576
2021-05-10,Men's Street Footwear,48,48.02878889010245
2021-06-21,Men's Street Footwear,32,31.869177400079934
2021-05-03,Men's Street Footwear,40,39.786164694432934
2021-08-17,Men's Street Footwear,23,23.116644681460173
2021-08-23,Men's Street Footwear,29,28.854059817481236
2021-08-29,Men's Street Footwear,18,18.004725988432337
2021-11-24,Men's Street Footwear,34,34.0282913133508
2021-09-05,Men's Street Footwear,50,49.376996351913604
2021-04-27,Men's Street Footwear,49,49.45651086884188
2021-06-13,Men's Street Footwear,46,46.2512097961672
2021-07-20,Men's Street Footwear,63,62.52560823469326
2021-10-18,Men's Street Footwear,32,32.0461522111821
2021-01-23,Men's Street Footwear,24,23.965034646858758
2021-12-16,Men's Street Footwear,60,59.91466639004306
2021-08-11,Men's Street Footwear,58,57.98528927431879
2021-02-18,Men's Street Footwear,29,28.735927955419033
2021-08-11,Men's Street Footwear,20,19.99109418992702
2021-06-11,Men's Street Footwear,28,28.142469361749228
2021-01-05,Men's Street Footwear,19,18.989749054704255
2020-02-01,Men's Street Footwear,56,55.779570557354
2021-11-05,Men's Street Footwear,33,33.3664586376833
2020-04-14,Men's Street Footwear,54,54.177252366628615
2021-05-18,Men's Street Footwear,32,31.840846443054346
2021-07-03,Men's Street Footwear,42,42.10114824620112
2021-08-13,Men's Street Footwear,53,53.029822696195026
2021-06-12,Men's Street Footwear,47,47.27374649053973
2021-11-26,Men's Street Footwear,47,46.67028790325376
2021-03-22,Men's Street Footwear,27,27.030013378285133
2021-11-20,Men's Street Footwear,18,18.081953523425362
2021-04-03,Men's Street Footwear,14,13.91126088477937
2021-01-16,Men's Street Footwear,17,16.908250259633864
2021-06-08,Men's Street Footwear,36,35.47604022692426
2021-09-19,Men's Street Footwear,48,48.20455167654536
2021-07-19,Men's Street Footwear,50,50.16174181049781
2021-06-22,Men's Street Footwear,59,58.98324867122824
2021-01-13,Men's Street Footwear,32,31.77711981917936
2021-07-12,Men's Street Footwear,51,50.514334349839054
2021-12-09,Men's Street Footwear,68,67.71967553936643
2021-05-16,Men's Street Footwear,39,39.217924684095124
2021-07-16,Men's Street Footwear,55,54.53544220147741
2021-12-16,Men's Street Footwear,68,68.13926834833494
2021-07-13,Men's Street Footwear,53,53.00664628654696
2021-07-10,Men's Street Footwear,54,53.943986855201686
2021-08-13,Men's Street Footwear,23,22.988725951660978
2020-01-14,Men's Street Footwear,31,30.640455549848664
2021-04-11,Men's Street Footwear,20,20.141082824007416
2021-03-19,Men's Street Footwear,14,14.018702428965245
2021-03-03,Men's Street Footwear,26,26.403906008282412
2021-06-23,Men's Street Footwear,37,37.44913044127925
2021-08-07,Men's Street Footwear,38,37.673213315845224
2021-01-20,Men's Street Footwear,29,29.350358784051384
2021-02-21,Men's Street Footwear,24,23.584041010912916
2021-08-20,Men's Street Footwear,56,56.34733955515046
2021-08-13,Men's Street Footwear,56,56.09620020050116
2021-06-15,Men's Street Footwear,51,51.10436825848894
2021-07-03,Men's Street Footwear,54,54.150356086579116
2021-09-28,Men's Street Footwear,53,52.622620005906775
2021-10-10,Men's Street Footwear,38,37.81850831101439
2021-04-16,Men's Street Footwear,32,31.78239069750253
2020-07-31,Men's Street Footwear,78,77.78453278722272
2021-04-11,Men's Street Footwear,27,26.977724346897805
2021-12-22,Men's Street Footwear,44,43.82462760751883
2021-03-19,Men's Street Footwear,18,18.146233816948737
2021-05-19,Men's Street Footwear,39,38.69745383733094
2021-12-23,Men's Street Footwear,61,61.15029177456048
2021-02-14,Men's Street Footwear,41,41.17572895218578
2021-11-17,Men's Street Footwear,39,39.77257743296178
2021-07-06,Men's Street Footwear,47,46.978638622380096
2021-05-19,Men's Street Footwear,39,39.161821270768414
2021-09-14,Men's Street Footwear,43,42.881970101433915
2021-09-30,Men's Street Footwear,14,13.97686854941572
2021-09-18,Men's Street Footwear,51,50.934670144479874
2021-08-26,Men's Street Footwear,56,56.11549170347592
2021-06-05,Men's Street Footwear,50,50.12621298319997
2021-11-27,Men's Street Footwear,49,49.36811152667266
2021-05-25,Men's Street Footwear,39,38.935952292893724
2021-02-17,Men's Street Footwear,24,23.91655810520291
2021-09-18,Men's Street Footwear,33,32.898171425001046
2021-04-23,Men's Street Footwear,40,39.86134671132306
2021-08-07,Men's Street Footwear,47,46.69311525358743
2021-02-19,Men's Street Footwear,49,48.98809152429771
2020-02-19,Men's Street Footwear,56,55.90817008596762
2021-11-17,Men's Street Footwear,41,41.012336224100636
2021-10-21,Men's Street Footwear,21,20.711209077764167
2021-07-13,Men's Street Footwear,37,36.82967150838379
2021-05-18,Men's Street Footwear,58,57.835549052602104
2021-12-20,Men's Street Footwear,69,69.14707719563842
2021-03-17,Men's Street Footwear,39,39.07226416795624
2021-03-16,Men's Street Footwear,23,23.093824750583316
2021-12-03,Men's Street Footwear,51,51.322797590274405
2021-03-25,Men's Street Footwear,30,30.33933265202945
2021-05-14,Men's Street Footwear,37,36.81541783081517
2021-04-18,Men's Street Footwear,33,33.467063075384154
2021-09-19,Men's Street Footwear,32,31.919389377952907
2021-05-12,Men's Street Footwear,32,31.930402571107425
2021-03-17,Men's Street Footwear,34,33.87588898853062
2020-02-19,Men's Street Footwear,41,41.058122995767334
2021-04-20,Men's Street Footwear,23,23.132866903242515
2021-03-16,Men's Street Footwear,29,29.147884513363824
2021-12-10,Men's Street Footwear,48,47.67360029774417
2021-01-09,Men's Street Footwear,32,31.955598876784183
2021-02-19,Men's Street Footwear,34,33.864470742793635
2021-03-10,Men's Street Footwear,35,35.63890530231224
2021-05-03,Men's Street Footwear,33,33.01253831622809
2021-11-24,Men's Street Footwear,34,34.201142640831755
2021-04-24,Men's Street Footwear,44,43.997806289312436
2021-02-26,Men's Street Footwear,27,27.10218579567565
2021-10-13,Men's Street Footwear,34,34.40660308735616
2021-11-20,Men's Street Footwear,16,15.962153066620344
2021-11-13,Men's Street Footwear,36,35.70678403971464
2021-10-21,Men's Street Footwear,20,19.94815428851258
2021-12-03,Men's Street Footwear,45,44.90892718242499
2021-07-06,Men's Street Footwear,38,38.23108883816304
2021-05-13,Men's Street Footwear,41,41.60245442300592
2021-02-22,Men's Street Footwear,51,51.07377079027
2021-01-21,Men's Street Footwear,34,34.42459265887529
2020-01-20,Men's Street Footwear,41,41.20955995800918
2020-01-26,Men's Street Footwear,43,43.04588940356044
2020-02-25,Men's Street Footwear,47,47.384296104470245
2021-03-16,Men's Street Footwear,35,35.18860351907156
2021-10-11,Men's Street Footwear,28,27.814626242232567
2021-04-17,Men's Street Footwear,47,46.64541157016994
2021-11-24,Men's Street Footwear,44,43.75169112416072
2021-05-18,Men's Street Footwear,43,43.91431257053571
2020-03-27,Men's Street Footwear,37,36.81001091965594
2020-06-19,Men's Street Footwear,55,55.04164505340885
2021-10-26,Men's Street Footwear,35,35.197104322219666
2021-11-26,Men's Street Footwear,58,57.88531988686018
2021-05-14,Men's Street Footwear,47,47.2979709725888
2021-06-26,Men's Street Footwear,43,43.83014047041696
2021-11-21,Men's Street Footwear,49,49.53086834648627
2021-07-08,Men's Street Footwear,48,48.31576777677923
2021-06-03,Men's Street Footwear,32,31.684510152307606
2021-02-10,Men's Street Footwear,34,34.144431561391556
2021-05-13,Men's Street Footwear,51,51.30023328950813
2021-03-22,Men's Street Footwear,29,29.207009575603248
2021-03-25,Men's Street Footwear,44,43.900250525755744
2021-10-26,Men's Street Footwear,48,48.14843139014041
2021-12-06,Men's Street Footwear,48,48.18063111086045
2021-06-06,Men's Street Footwear,44,44.181928405224625
2021-12-03,Men's Street Footwear,60,59.862572565450286
2020-01-08,Men's Street Footwear,34,33.93593570992016
2021-01-03,Men's Street Footwear,34,34.107786002023154
2021-11-11,Men's Street Footwear,54,53.83289271388651
2021-10-23,Men's Street Footwear,36,35.682329782005866
2021-05-11,Men's Street Footwear,51,50.906924185168094
2021-11-10,Men's Street Footwear,51,50.98058186936289
2021-09-03,Men's Street Footwear,43,42.81557843853222
2021-09-12,Men's Street Footwear,47,47.59310033202295
2021-05-17,Men's Street Footwear,64,64.08947727454866
2021-03-16,Men's Street Footwear,28,28.309202143048033
2021-03-17,Men's Street Footwear,49,48.56124280544305
2021-02-22,Men's Street Footwear,52,51.744995024500795
2021-12-21,Men's Street Footwear,59,59.23178476185838
2020-01-08,Men's Street Footwear,27,27.162605022677727
2021-11-11,Men's Street Footwear,22,21.828346483554036
2021-01-27,Men's Street Footwear,36,35.931185185698965
2021-03-16,Men's Street Footwear,24,23.98068999387989
2021-03-28,Men's Street Footwear,19,18.76294735754862
2021-04-26,Men's Street Footwear,41,40.85860455360641
2021-09-30,Men's Street Footwear,18,17.993169812097403
2021-04-04,Men's Street Footwear,28,27.834933514503078
2021-02-15,Men's Street Footwear,26,25.826392530491894
2021-03-13,Men's Street Footwear,28,27.6828613220013
2021-11-17,Men's Street Footwear,52,51.975785637934166
2021-02-12,Men's Street Footwear,37,37.40543597384598
2021-08-03,Men's Street Footwear,46,46.296437244168615
2021-03-13,Men's Street Footwear,36,35.90439499328437
2020-01-02,Men's Street Footwear,27,27.119116617146954
2021-09-12,Men's Street Footwear,29,29.227501079413933
2021-04-26,Men's Street Footwear,51,50.842447699707684
2021-01-24,Men's Street Footwear,36,35.751218934238224
2021-05-11,Men's Street Footwear,54,54.27990841053191
2021-03-19,Men's Street Footwear,19,19.086832935502695
2021-07-11,Men's Street Footwear,47,47.08933221730167
2021-09-18,Men's Street Footwear,34,34.223193005807865
2021-05-10,Men's Street Footwear,55,55.07742327640534
2021-04-18,Men's Street Footwear,48,47.7621198896306
2021-11-10,Men's Street Footwear,34,33.90069697322207
2021-09-17,Men's Street Footwear,59,58.981044951656365
2021-04-17,Men's Street Footwear,23,23.039125904677213
2021-03-20,Men's Street Footwear,53,53.39961948975609
2021-03-12,Men's Street Footwear,20,19.911068798275824
2021-02-21,Men's Street Footwear,24,24.008443144069542
2021-08-13,Men's Street Footwear,28,28.06369187240707
2021-12-19,Men's Street Footwear,64,64.02083872411973
2021-08-21,Men's Street Footwear,59,59.06549610506893
2021-02-24,Men's Street Footwear,22,22.195682026768164
2021-06-19,Men's Street Footwear,59,59.25156443034607
2021-12-17,Men's Street Footwear,71,70.57745351623733
2021-10-12,Men's Street Footwear,44,44.217660355848736
2021-12-17,Men's Street Footwear,41,41.420622940216944
2021-02-04,Men's Street Footwear,23,22.87546980744457
2021-08-23,Men's Street Footwear,50,50.314103792907396
2021-09-27,Men's Street Footwear,49,49.32358757685355
2021-10-04,Men's Street Footwear,39,38.97056421468424
2020-07-13,Men's Street Footwear,64,63.804901195522305
2021-08-07,Men's Street Footwear,24,24.031381421669284
2021-10-05,Men's Street Footwear,46,45.65725973483294
2021-09-13,Men's Street Footwear,36,35.61654094206458
2021-06-18,Men's Street Footwear,32,31.946557223556393
2021-11-17,Men's Street Footwear,28,28.00361623428295
2021-08-14,Men's Street Footwear,50,50.1344863721726
2021-08-04,Men's Street Footwear,51,51.45301793988251
2021-06-12,Men's Street Footwear,58,57.60205947324482
2021-01-18,Men's Street Footwear,27,27.20697759010085
2021-04-20,Men's Street Footwear,24,24.047260573996738
2021-02-09,Men's Street Footwear,34,34.099076226684
2021-08-10,Men's Street Footwear,47,47.1871380522017
2021-01-14,Men's Street Footwear,44,43.80215870465393
2021-03-06,Men's Street Footwear,28,27.61857259118419
2021-06-23,Men's Street Footwear,48,47.79414828118662
2021-03-12,Men's Street Footwear,30,29.215011348028323
2021-01-26,Men's Street Footwear,27,27.08115481400141
2021-03-09,Men's Street Footwear,23,23.283210738619932
2020-05-02,Men's Street Footwear,59,58.85196836363175
2021-03-10,Men's Street Footwear,29,29.084655266550854
2020-07-25,Men's Street Footwear,54,53.80727497530789
2021-07-21,Men's Street Footwear,47,46.559942518822375
2021-12-13,Men's Street Footwear,62,62.13539764200991
2021-12-10,Men's Street Footwear,64,64.0752578496369
2021-04-17,Men's Street Footwear,38,38.23630400179301
2021-02-14,Men's Street Footwear,23,22.896814997044704
2021-12-09,Men's Street Footwear,46,46.266204990058384
2021-03-21,Men's Street Footwear,41,40.943593090335334
2021-05-23,Men's Street Footwear,49,48.744102529636976
2021-06-21,Men's Street Footwear,38,38.33698448468972
2021-06-08,Men's Street Footwear,45,45.10177842321903
2021-11-03,Men's Street Footwear,39,39.284668476704155
2021-03-06,Men's Street Footwear,26,26.221573216900563
2020-03-03,Men's Street Footwear,57,56.99514005348519
2021-04-11,Men's Street Footwear,30,29.909839449705323
2021-05-18,Men's Street Footwear,58,57.878996618290714
2021-03-23,Men's Street Footwear,30,29.331346495636232
2020-06-07,Men's Street Footwear,46,45.73682345097833
2021-02-26,Men's Street Footwear,38,38.23729632533671
2021-11-24,Men's Street Footwear,42,42.297688579429014
2021-02-23,Men's Street Footwear,21,21.162164865065737
2021-06-10,Men's Street Footwear,36,36.47662576323541
2021-02-08,Men's Street Footwear,24,23.996354365667656
2021-06-15,Men's Street Footwear,51,50.6239181214062
2021-10-04,Men's Street Footwear,36,35.44796892428552
2021-09-24,Men's Street Footwear,41,40.487756795755445
2021-08-22,Men's Street Footwear,46,45.793042412540615
2021-09-18,Men's Street Footwear,44,43.77818109466897
2021-01-23,Men's Street Footwear,24,23.8716192210263
2021-05-25,Men's Street Footwear,39,38.58070952957339
2021-05-19,Men's Street Footwear,36,35.83663386896191
2021-07-06,Men's Street Footwear,46,45.799833447901285
2021-02-12,Men's Street Footwear,41,40.62622098503906
2021-10-28,Men's Street Footwear,32,31.845827548124433
2021-10-19,Men's Street Footwear,52,52.60201529722431
2021-07-06,Men's Street Footwear,47,47.28561581099522
2021-07-12,Men's Street Footwear,49,49.017863489835385
2020-01-26,Men's Street Footwear,58,57.896187990429816
2020-07-19,Men's Street Footwear,58,58.417976031441256
2021-01-15,Men's Street Footwear,44,44.28385821929609
2021-09-11,Men's Street Footwear,62,62.022322244101574
2021-08-14,Men's Street Footwear,50,49.87378548979011
2020-01-14,Men's Street Footwear,43,42.79964221601073
2020-06-13,Men's Street Footwear,68,67.68681257665985
2020-11-22,Men's Street Footwear,49,48.68781367980735
2021-11-11,Men's Street Footwear,29,28.879849304312113
2021-02-20,Men's Street Footwear,44,43.98836308745941
2021-05-20,Men's Street Footwear,59,58.699055957745436
2021-01-16,Men's Street Footwear,23,22.843294137030473
2021-03-16,Men's Street Footwear,46,45.35561847171057
2021-07-02,Men's Street Footwear,45,44.58735050454189
2021-07-09,Men's Street Footwear,51,50.950572240945256
2021-02-17,Men's Street Footwear,33,33.566075851075134
2021-12-06,Men's Street Footwear,55,55.22232700856652
2021-02-05,Men's Street Footwear,39,38.62343705340794
2020-03-15,Men's Street Footwear,20,20.01287686738703
2021-09-25,Men's Street Footwear,35,34.68888786857569
2021-09-25,Men's Street Footwear,34,34.08606825698677
2021-01-13,Men's Street Footwear,24,24.01631951822292
2021-11-04,Men's Street Footwear,51,51.00251628042368
2021-01-10,Men's Street Footwear,23,22.96603094725079
2021-04-14,Men's Street Footwear,28,27.755889072637913
2021-06-12,Men's Street Footwear,47,47.02697656696422
2021-11-18,Men's Street Footwear,59,58.810201253870275
2021-12-21,Men's Street Footwear,50,49.76327520676103
2021-03-16,Men's Street Footwear,44,43.83998022402027
2021-05-24,Men's Street Footwear,47,46.93204671349399
2021-08-05,Men's Street Footwear,57,57.057223982306105
2021-02-26,Men's Street Footwear,33,33.243698576803254
2020-05-14,Men's Street Footwear,52,51.98110609361954
2021-01-21,Men's Street Footwear,39,39.12701676715986
2021-08-09,Men's Street Footwear,46,46.349198047452894
2021-12-05,Men's Street Footwear,54,54.21444913825105
2021-02-08,Men's Street Footwear,34,34.37360671580049
2021-11-05,Men's Street Footwear,52,51.77642902659819
2021-05-31,Men's Street Footwear,36,36.33881927443667
2021-04-18,Men's Street Footwear,33,33.19459160041677
2021-04-24,Men's Street Footwear,38,38.20825217514334
2021-06-14,Men's Street Footwear,37,36.82758340861855
2021-02-15,Men's Street Footwear,39,38.76219306747346
2021-03-06,Men's Street Footwear,32,32.000102397348826
2021-12-11,Men's Street Footwear,58,58.1438672885202
2021-02-03,Men's Street Footwear,29,28.56963983700231
2021-01-10,Men's Street Footwear,32,32.21761551887814
2021-02-15,Men's Street Footwear,36,35.79016330315026
2021-11-18,Men's Street Footwear,34,33.884525172588894
2021-11-09,Men's Street Footwear,35,34.990106085992124
2021-05-07,Men's Street Footwear,57,56.59178201290124
2021-05-27,Men's Street Footwear,51,51.26073062221378
2021-05-21,Men's Street Footwear,27,27.206370700192423
2021-10-12,Men's Street Footwear,27,27.152662570986493
2021-10-17,Men's Street Footwear,39,38.81912463245468
2021-12-09,Men's Street Footwear,62,61.73285588939787
2020-01-20,Men's Street Footwear,58,58.046138167424786
2021-11-17,Men's Street Footwear,51,50.62637079712726
2021-02-10,Men's Street Footwear,33,32.833698273088515
2021-03-23,Men's Street Footwear,38,37.50279522216709
2021-11-27,Men's Street Footwear,60,59.78057326326197
2021-01-17,Men's Street Footwear,28,27.978826695001718
2021-11-11,Men's Street Footwear,54,54.01846340979773
2021-07-02,Men's Street Footwear,41,41.30571325438396
2021-05-13,Men's Street Footwear,58,58.0170160192862
2020-02-25,Men's Street Footwear,56,56.27100886352586
2020-06-01,Men's Street Footwear,36,36.113289083593294
2021-10-21,Men's Street Footwear,27,27.174176185354643
2021-02-23,Men's Street Footwear,29,28.51584322913815
2021-09-19,Men's Street Footwear,49,48.96439314173403
2021-12-17,Men's Street Footwear,62,62.16467236219514
2021-04-17,Men's Street Footwear,62,61.710128661080546
2021-04-13,Men's Street Footwear,24,24.038890856825986
2021-12-12,Men's Street Footwear,66,66.00823130102657
2021-12-08,Men's Street Footwear,55,55.19430104458565
2021-12-09,Men's Street Footwear,58,58.08885257112205
2021-06-17,Men's Street Footwear,43,43.75690303734764
2021-05-25,Men's Street Footwear,48,47.64152882890547
2021-09-18,Men's Street Footwear,43,43.362154118468546
2021-04-04,Men's Street Footwear,36,35.50330987490127
2021-03-22,Men's Street Footwear,37,36.80929030877734
2021-12-03,Men's Street Footwear,59,58.93335280861013
2021-07-13,Men's Street Footwear,52,52.09635414493115
2021-11-20,Men's Street Footwear,24,24.15937920201498
2021-05-12,Men's Street Footwear,36,36.09559451654947
2021-12-13,Men's Street Footwear,64,63.92262013864101
2021-11-15,Men's Street Footwear,44,43.92557206075188
2021-02-13,Men's Street Footwear,29,29.114347641927377
2021-10-14,Men's Street Footwear,29,29.23713896423398
2021-02-06,Men's Street Footwear,28,28.192476746816027
2021-11-23,Men's Street Footwear,31,31.46522877774683
2021-01-24,Men's Street Footwear,52,51.5783506644608
2021-02-13,Men's Street Footwear,23,23.258830854037235
2021-09-04,Men's Street Footwear,33,33.283273961060566
2021-04-17,Men's Street Footwear,27,27.3293498466177
2021-05-06,Men's Street Footwear,39,38.36586667574527
2021-08-07,Men's Street Footwear,46,46.01842312791361
2021-12-27,Men's Street Footwear,53,53.094719797653944
2021-03-23,Men's Street Footwear,28,28.089612845985506
2021-01-23,Men's Street Footwear,23,23.33880602144579
2021-02-22,Men's Street Footwear,38,38.149597252748535
2021-01-12,Men's Street Footwear,38,38.11286090677935
2021-09-13,Men's Street Footwear,42,41.727756990820595
2021-06-30,Men's Street Footwear,46,45.707371778741376
2021-04-07,Men's Street Footwear,28,27.99646093213945
2021-07-18,Men's Street Footwear,47,47.282476844583414
2021-10-15,Men's Street Footwear,40,39.78538944056625
2020-03-21,Men's Street Footwear,27,27.18283114982536
2021-07-05,Men's Street Footwear,49,49.21878494197441
2020-04-02,Men's Street Footwear,55,55.20060146480149
2021-12-02,Men's Street Footwear,58,57.985764500774614
2020-04-08,Men's Street Footwear,55,54.9983268273789
2021-02-22,Men's Street Footwear,32,32.26794221502502
2021-01-10,Men's Street Footwear,32,32.20547374369239
2020-10-17,Men's Street Footwear,33,33.02889755138683
2021-06-08,Men's Street Footwear,47,46.91821220471737
2021-11-21,Men's Street Footwear,64,63.914841093647446
2021-09-24,Men's Street Footwear,29,28.979311769796038
2021-04-21,Men's Street Footwear,54,53.870777678057344
2020-05-08,Men's Street Footwear,51,50.856408042848344
2021-09-20,Men's Street Footwear,64,63.732849981132624
2020-10-23,Men's Street Footwear,32,32.26213423692334
2020-11-28,Men's Street Footwear,47,47.081322246583866
2021-04-17,Men's Street Footwear,48,47.99787202708706
2021-10-18,Men's Street Footwear,34,33.97725540142951
2021-03-09,Men's Street Footwear,44,43.79716757992564
2021-04-13,Men's Street Footwear,45,45.137865404127936
2021-02-17,Men's Street Footwear,36,36.16606304672987
2021-10-23,Men's Street Footwear,41,41.11348117539518
2021-11-23,Men's Street Footwear,42,41.84239616661082
2021-06-22,Men's Street Footwear,36,36.27383104804678
2021-03-12,Men's Street Footwear,37,36.84356856491121
2021-09-13,Men's Street Footwear,50,50.71635130983257
2021-01-22,Men's Street Footwear,37,37.30786821406249
2021-05-03,Men's Street Footwear,54,53.66871157764109
2021-03-10,Men's Street Footwear,44,43.90409414110532
2021-06-12,Men's Street Footwear,41,41.04188898741235
2021-01-13,Men's Street Footwear,29,28.97061343301013
2021-08-21,Men's Street Footwear,48,47.75985104937857
2021-03-02,Men's Street Footwear,19,19.09575100113756
2021-11-13,Men's Street Footwear,51,50.892040012720926
2021-10-13,Men's Street Footwear,42,41.99738744990178
2021-11-14,Men's Street Footwear,60,59.89342480310139
2021-09-23,Men's Street Footwear,48,48.047162430470564
2021-12-06,Men's Street Footwear,54,53.875415191410355
2021-09-13,Men's Street Footwear,53,53.054449403662126
2021-10-21,Men's Street Footwear,29,28.74836008908222
2021-08-12,Men's Street Footwear,49,49.22723387361271
2021-08-06,Men's Street Footwear,49,49.02791298568062
2021-08-17,Men's Street Footwear,46,46.11524593687089
2021-07-20,Men's Street Footwear,49,49.17232663702902
2021-06-06,Men's Street Footwear,32,32.20812635393472
2021-04-14,Men's Street Footwear,36,36.15824851005521
2021-01-17,Men's Street Footwear,36,36.1367615948732
2021-04-11,Men's Street Footwear,41,41.097302420649505
2021-01-21,Men's Street Footwear,49,48.65872272233698
2021-09-10,Men's Street Footwear,56,55.93977598398271
2021-11-15,Men's Street Footwear,58,58.06374395252087
2021-03-05,Men's Street Footwear,19,19.097878505950916
2021-06-24,Men's Street Footwear,58,58.06526383745039
2021-10-18,Men's Street Footwear,38,37.76122257808315
2021-03-08,Men's Street Footwear,29,29.068558656248722
2021-05-04,Men's Street Footwear,58,58.03525232352466
2021-09-18,Men's Street Footwear,58,58.24053085774762
2021-02-17,Men's Street Footwear,33,32.58294069140835
2021-04-10,Men's Street Footwear,59,58.99451225181407
2021-04-23,Men's Street Footwear,48,48.36100970022463
2021-09-06,Men's Street Footwear,39,38.797022916448
2021-05-06,Men's Street Footwear,48,48.09092779199901
2021-03-03,Men's Street Footwear,39,38.92125920795156
2021-05-10,Men's Street Footwear,55,54.824912596346294
2021-10-24,Men's Street Footwear,39,38.66231360355401
2021-05-13,Men's Street Footwear,53,53.26887606974363
2021-03-13,Men's Street Footwear,38,37.990619362494925
2021-05-25,Men's Street Footwear,46,46.58356458182733
2021-06-09,Men's Street Footwear,36,35.74178346554911
2021-10-22,Men's Street Footwear,53,52.90567289179759
2021-01-03,Men's Street Footwear,28,27.8130220884597
2021-03-23,Men's Street Footwear,38,37.8542067293073
2021-01-17,Men's Street Footwear,38,37.972576552597346
2021-11-11,Men's Street Footwear,64,64.10465056929003
2021-01-26,Men's Street Footwear,33,32.775792799000094
2021-11-20,Men's Street Footwear,23,23.13498477774439
2021-09-10,Men's Street Footwear,36,35.89137145966709
2021-09-07,Men's Street Footwear,34,34.12995856672355
2021-09-11,Men's Street Footwear,33,32.73166272298703
2021-04-07,Men's Street Footwear,34,34.1421569507504
2021-10-12,Men's Street Footwear,62,61.73141812245995
2021-04-10,Men's Street Footwear,23,23.07142196439603
2021-01-17,Men's Street Footwear,32,31.837374239985134
2021-03-20,Men's Street Footwear,32,31.841567821381044
2021-06-22,Men's Street Footwear,47,46.86436674604523
2021-01-09,Men's Street Footwear,33,33.30614981078544
2021-01-07,Men's Street Footwear,38,37.80413361372016
2021-09-03,Men's Street Footwear,52,51.84603398166114
2021-04-21,Men's Street Footwear,33,33.40224296782263
2021-05-31,Men's Street Footwear,44,44.05832032113099
2021-09-20,Men's Street Footwear,49,48.9441567823151
2021-12-27,Men's Street Footwear,67,66.9408263500926
2021-10-15,Men's Street Footwear,56,55.857565814114274
2020-12-22,Men's Street Footwear,50,49.98913923872164
2021-10-10,Men's Street Footwear,52,52.170209954799304
2021-10-22,Men's Street Footwear,34,33.87139484265552
2021-04-24,Men's Street Footwear,52,51.560141050730195
2021-11-10,Men's Street Footwear,41,40.97980096778333
2021-04-24,Men's Street Footwear,51,51.09006808229204
2021-06-18,Men's Street Footwear,48,47.968879527591355
2021-01-23,Men's Street Footwear,29,29.024604013691
2021-03-11,Men's Street Footwear,39,39.37923454809865
2021-11-09,Men's Street Footwear,46,46.114745802574895
2021-04-06,Men's Street Footwear,20,20.062303451455666
2020-01-02,Men's Street Footwear,32,32.04951596609954
2021-09-06,Men's Street Footwear,46,46.691159470334235
2021-04-22,Men's Street Footwear,41,40.664007613057635
2021-12-15,Men's Street Footwear,47,47.26961966053725
2021-06-02,Men's Street Footwear,38,38.00827406081932
2021-12-21,Men's Street Footwear,48,48.2172034589017
2021-10-30,Men's Street Footwear,37,36.9394662235404
2021-12-27,Men's Street Footwear,53,53.07302842812387
2021-09-25,Men's Street Footwear,46,45.96751281421544
2021-11-13,Men's Street Footwear,23,22.969726476302313
2021-10-17,Men's Street Footwear,25,24.701808244234126
2021-04-03,Men's Street Footwear,18,18.115151038133988
2021-12-20,Men's Street Footwear,57,56.70826033207125
2021-05-06,Men's Street Footwear,49,48.877339391937056
2021-11-03,Men's Street Footwear,49,49.04601425453249
2021-10-08,Men's Street Footwear,53,53.026640103967694
2020-11-04,Men's Street Footwear,36,35.951542094761976
2021-02-08,Men's Street Footwear,34,33.94511216114624
2021-10-19,Men's Street Footwear,64,64.12435087615181
2021-06-20,Men's Street Footwear,36,35.80047345380446
2021-10-24,Men's Street Footwear,28,28.295564406953112
2021-10-24,Men's Street Footwear,29,28.947747309003784
2021-06-14,Men's Street Footwear,44,44.05001836736034
2021-10-19,Men's Street Footwear,55,55.05186800306032
2021-05-20,Men's Street Footwear,49,48.991616010257445
2020-05-26,Men's Street Footwear,36,36.10911079626748
2020-03-15,Men's Street Footwear,28,27.79685882084894
2021-07-26,Men's Street Footwear,49,48.88819814433874
2021-10-12,Men's Street Footwear,38,37.96181391571462
2021-02-24,Men's Street Footwear,29,28.903827998475496
2021-11-21,Men's Street Footwear,68,68.0213028333199
2021-11-17,Men's Street Footwear,44,44.1647946862575
2021-04-14,Men's Street Footwear,38,37.80771756825389
2021-11-18,Men's Street Footwear,68,67.80923331360638
2021-11-09,Men's Street Footwear,49,48.83960047351018
2021-10-17,Men's Street Footwear,41,41.21216301810048
2021-01-10,Men's Street Footwear,34,34.12380779647466
2021-11-22,Men's Street Footwear,48,48.03748396167664
2020-10-29,Men's Street Footwear,39,39.14536558070767
2020-11-10,Men's Street Footwear,48,47.63793086106582
2021-10-15,Men's Street Footwear,57,56.87326974949708
2021-12-21,Men's Street Footwear,66,65.93800930243164
2020-12-04,Men's Street Footwear,43,43.09323404964553
2021-10-22,Men's Street Footwear,44,44.03998131342518
2021-10-22,Men's Street Footwear,68,67.85125599030566
2021-01-17,Men's Street Footwear,28,27.880377357671154
2021-10-09,Men's Street Footwear,49,48.8027670309448
2021-02-24,Men's Street Footwear,27,26.898679365042057
2021-10-10,Men's Street Footwear,41,41.20971809917649
2021-09-25,Men's Street Footwear,46,45.89015065984865
2021-11-04,Men's Street Footwear,60,59.937283072550606
2021-03-06,Men's Street Footwear,34,33.83251192790966
2021-04-07,Men's Street Footwear,32,32.28073805825576
2021-09-06,Men's Street Footwear,45,44.70527983236416
2021-11-14,Men's Street Footwear,49,48.9717851082657
2021-10-28,Men's Street Footwear,42,42.1661871289965
2020-12-28,Men's Street Footwear,32,32.02274244434226
2021-07-24,Men's Street Footwear,56,56.025843450430564
2021-05-21,Men's Street Footwear,32,32.02068789777781
2021-05-27,Men's Street Footwear,32,31.958958824245002
2021-01-10,Men's Street Footwear,33,32.69609159778941
2021-01-17,Men's Street Footwear,38,38.01311109199366
2021-01-24,Men's Street Footwear,24,24.005455799967756
2021-01-24,Men's Street Footwear,33,33.138250914787875
2021-04-12,Men's Street Footwear,38,38.15389450853277
2021-04-09,Men's Street Footwear,28,28.05405333798428
2021-01-06,Men's Street Footwear,27,27.015472584780806
2021-10-03,Men's Street Footwear,43,42.90582099293339
2021-10-22,Men's Street Footwear,52,51.72374970372108
2021-06-08,Men's Street Footwear,38,38.1574450833957
2021-10-05,Men's Street Footwear,59,58.975053444454936
2021-11-14,Men's Street Footwear,62,62.27474112054595
2021-10-08,Men's Street Footwear,37,37.19297943745618
2021-07-30,Men's Street Footwear,55,54.974307251504804
2021-07-08,Men's Street Footwear,38,38.16281754187245
2021-11-07,Men's Street Footwear,59,58.812938595641285
2021-11-07,Men's Street Footwear,40,40.05289187288852
2021-12-15,Men's Street Footwear,55,54.84001783738024
2020-11-16,Men's Street Footwear,44,43.799262424940785
2021-10-17,Men's Street Footwear,34,34.10237070911717
2021-10-06,Men's Street Footwear,43,42.747616558135014
2021-11-06,Men's Street Footwear,41,41.001945460182284
2021-10-12,Men's Street Footwear,54,54.32591086452709
2021-11-12,Men's Street Footwear,53,53.26770809886889
2021-11-03,Men's Street Footwear,41,40.87246778913063
2020-12-10,Men's Street Footwear,41,40.94351847558712
2021-11-18,Men's Street Footwear,62,61.88169831855418
2021-01-10,Men's Street Footwear,33,32.90248873032191
2021-07-14,Men's Street Footwear,36,36.00107464992369
2021-10-24,Men's Street Footwear,38,37.8971896446344
2021-01-24,Men's Street Footwear,27,27.145358258314175
2021-10-24,Men's Street Footwear,38,37.966035853393564
2021-10-17,Men's Street Footwear,47,46.90277862700144
2021-01-17,Men's Street Footwear,33,33.27668159971341
2021-10-08,Men's Street Footwear,53,52.98118234680401
2020-12-16,Men's Street Footwear,46,45.91127663569488
2021-01-24,Men's Street Footwear,29,28.933536266205458
2021-07-20,Men's Street Footwear,37,36.928021771294944
2021-11-07,Men's Street Footwear,55,54.86702554833262
2021-11-21,Men's Street Footwear,58,57.85254301787436
2020-08-12,Men's Street Footwear,30,30.088279362872413
2020-08-30,Men's Street Footwear,40,40.005676714524505
2021-01-24,Men's Street Footwear,55,55.25594020065525
2021-08-09,Men's Street Footwear,65,64.77102806999305
2021-11-06,Men's Street Footwear,55,55.026057771925224
2020-03-10,Men's Street Footwear,60,60.06549126305332
2021-01-06,Men's Street Footwear,35,34.97699852224523
2020-03-04,Men's Street Footwear,60,60.00537153069413
2021-09-02,Men's Street Footwear,55,55.08398850124805
2020-03-16,Men's Street Footwear,60,59.98785359519196
2020-02-06,Men's Street Footwear,60,59.98996619414173
2021-03-02,Men's Street Footwear,30,30.04133675433448
2020-04-19,Men's Street Footwear,60,59.90350634270209
2020-05-03,Men's Street Footwear,65,64.98945763571612
2021-07-05,Men's Street Footwear,65,65.03132043291697
2020-04-27,Men's Street Footwear,65,64.87241978731055
2020-09-11,Men's Street Footwear,65,64.94507061185423
2020-09-17,Men's Street Footwear,65,64.95832038894719
2021-08-06,Men's Street Footwear,65,65.03046909720432
2021-12-05,Men's Street Footwear,70,69.86095324825081
2020-07-19,Men's Street Footwear,25,25.031578883844837
2020-08-06,Men's Street Footwear,30,30.080784946777307
2021-07-16,Men's Street Footwear,90,89.94454959903474
2020-10-20,Men's Street Footwear,45,45.304988318480554
2020-01-07,Men's Street Footwear,50,50.133324032790455
2020-01-25,Men's Street Footwear,50,50.16189221087687
2020-01-01,Men's Street Footwear,50,50.01751037053249
2020-01-31,Men's Street Footwear,50,50.06170440290296
2020-08-12,Men's Street Footwear,45,45.07980293323893
2020-04-24,Men's Street Footwear,60,60.2746186295035
2020-05-24,Men's Street Footwear,65,65.03681992017745
2021-02-07,Men's Street Footwear,40,40.13705721696131
2020-12-31,Men's Street Footwear,60,60.01534116179638
2021-04-19,Men's Street Footwear,45,44.86615635667583
2020-08-18,Men's Street Footwear,45,45.17199363341147
2021-05-01,Men's Street Footwear,50,49.96060035440895
2020-04-24,Men's Street Footwear,55,54.898691473705036
2021-05-25,Men's Street Footwear,50,50.107704983500554
2020-08-06,Men's Street Footwear,45,45.05222514051927
2020-09-23,Men's Street Footwear,55,54.981028554441124
2021-06-07,Men's Street Footwear,55,55.133783197430326
2021-07-02,Men's Street Footwear,65,65.04197513290298
2021-05-05,Men's Street Footwear,50,49.91470776249054
2021-01-12,Men's Street Footwear,60,59.82183392239781
2020-04-24,Men's Street Footwear,45,45.05385416397211
2021-01-09,Men's Street Footwear,40,39.99861376981507
2021-09-05,Men's Street Footwear,55,55.18816576694956
2021-08-03,Men's Street Footwear,65,65.00905093564042
2021-03-05,Men's Street Footwear,35,35.23772556220041
2021-07-16,Men's Street Footwear,90,89.90871352764077
2021-02-10,Men's Street Footwear,45,44.71307272585746
2021-07-15,Men's Street Footwear,60,60.02280505896633
2021-07-09,Men's Street Footwear,65,64.50989693161956
2020-09-29,Men's Street Footwear,60,60.017040416629214
2020-07-31,Men's Street Footwear,30,29.90496788446211
2020-12-25,Men's Street Footwear,60,60.12252896385684
2021-01-30,Men's Street Footwear,55,54.933530665324405
2021-02-05,Men's Street Footwear,55,54.956206213616134
2021-01-06,Men's Street Footwear,60,59.999857914830734
2021-01-18,Men's Street Footwear,65,64.93967636474777
2021-02-11,Men's Street Footwear,55,55.19174940167121
2021-06-10,Men's Street Footwear,60,60.21985325798773
2021-12-08,Men's Street Footwear,65,64.88658637538336
2021-07-10,Men's Street Footwear,50,50.23163595769863
2021-08-16,Men's Street Footwear,60,59.99290335517445
2021-04-03,Men's Street Footwear,30,30.061718359013152
2021-10-04,Men's Street Footwear,45,45.19898455693504
2021-08-10,Men's Street Footwear,65,64.75319072053294
2020-10-05,Men's Street Footwear,60,59.97320847101002
2021-03-08,Men's Street Footwear,45,45.15065923683171
2021-05-08,Men's Street Footwear,55,54.68032410494648
2021-04-06,Men's Street Footwear,35,35.03826028271874
2021-10-07,Men's Street Footwear,55,55.10126797356483
2021-02-04,Men's Street Footwear,35,35.064043864991
2020-07-25,Men's Street Footwear,25,25.054380946140164
2021-12-02,Men's Street Footwear,70,69.93215165101914
2020-09-05,Men's Street Footwear,45,44.7504927578839
2021-04-15,Men's Street Footwear,40,39.950287135530054
2021-09-06,Men's Street Footwear,45,45.1228885441655
2021-06-17,Men's Street Footwear,65,64.52895192700863
2020-11-13,Men's Street Footwear,50,49.90886230835928
2021-04-09,Men's Street Footwear,45,44.73725930242678
2021-06-17,Men's Street Footwear,55,55.02412572563037
2020-08-18,Men's Street Footwear,40,40.074756922173385
2021-06-17,Men's Street Footwear,60,60.05548870400783
2020-08-24,Men's Street Footwear,40,40.07460982820094
2020-10-26,Men's Street Footwear,45,44.917849243901564
2021-04-25,Men's Street Footwear,45,44.84971254657932
2021-07-08,Men's Street Footwear,65,64.82094358648531
2021-06-04,Men's Street Footwear,50,49.914349925067015
2021-05-02,Men's Street Footwear,45,45.02799369330608
2021-05-07,Men's Street Footwear,50,50.290801659466226
2021-11-03,Men's Street Footwear,45,44.96060607588699
2021-02-11,Men's Street Footwear,35,35.25502646551918
2021-12-09,Men's Street Footwear,75,75.1712917898424
2021-08-17,Men's Street Footwear,60,60.04837049679495
2021-03-10,Men's Street Footwear,40,40.207374734854476
2021-05-10,Men's Street Footwear,50,49.81346018396965
2021-08-17,Men's Street Footwear,95,94.92113445314784
2020-09-11,Men's Street Footwear,45,45.08872545921679
2021-01-13,Men's Street Footwear,35,35.065521201718155
2021-09-09,Men's Street Footwear,55,54.89299966338664
2021-02-18,Men's Street Footwear,30,30.261516165316642
2021-01-12,Men's Street Footwear,45,44.86660138252988
2021-12-16,Men's Street Footwear,70,70.07352432964524
2021-09-08,Men's Street Footwear,55,55.0243470748288
2021-07-19,Men's Street Footwear,55,54.8246448255712
2021-03-19,Men's Street Footwear,35,34.803472972596786
2021-03-15,Men's Street Footwear,35,35.06280489625746
2021-02-12,Men's Street Footwear,40,40.06664283996133
2021-03-09,Men's Street Footwear,30,30.209981978831905
2021-04-07,Men's Street Footwear,45,44.60891669733134
2021-06-12,Men's Street Footwear,50,50.17151271287207
2021-04-10,Men's Street Footwear,30,30.079085994646633
2021-04-13,Men's Street Footwear,45,44.61398035349119
2021-08-11,Men's Street Footwear,50,50.16476426069542
2021-07-23,Men's Street Footwear,85,85.14278447422542
2021-10-11,Men's Street Footwear,40,40.292431150005356
2021-12-15,Men's Street Footwear,60,60.23469251429987
2021-01-20,Men's Street Footwear,30,30.014001864218073
2021-05-13,Men's Street Footwear,50,49.818291412147666
2021-07-23,Men's Street Footwear,85,85.14278447422542
2021-09-16,Men's Street Footwear,50,50.23477820477741
2021-03-13,Men's Street Footwear,35,34.58131982593264
2021-08-17,Men's Street Footwear,95,94.89363713586029
2021-03-16,Men's Street Footwear,25,25.410344236546933
2021-07-16,Men's Street Footwear,60,60.015930041097455
2021-09-10,Men's Street Footwear,45,45.195364832548734
2021-09-04,Men's Street Footwear,20,20.09381772567224
2020-02-07,Men's Street Footwear,60,59.9859882743002
2020-06-25,Men's Street Footwear,75,74.86890386825185
2021-09-22,Men's Street Footwear,50,49.76089121640678
2020-07-31,Men's Street Footwear,80,79.72444487474468
2021-05-15,Men's Street Footwear,55,55.476019766436025
2021-07-09,Men's Street Footwear,80,80.32567066404822
2021-02-02,Men's Street Footwear,40,39.56857649223215
2021-12-16,Men's Street Footwear,75,75.31448119960204
2020-11-07,Men's Street Footwear,40,40.063060425355104
2021-10-10,Men's Street Footwear,60,59.499037320632134
2021-01-14,Men's Street Footwear,40,40.02931259822178
2021-05-19,Men's Street Footwear,50,50.46597050994288
2021-04-11,Men's Street Footwear,40,39.9699594966394
2021-09-10,Men's Street Footwear,50,49.89864470469389
2021-09-16,Men's Street Footwear,45,45.0002719449658
2021-12-10,Men's Street Footwear,55,55.24520983208807
2021-08-24,Men's Street Footwear,90,89.86419878327035
2021-02-17,Men's Street Footwear,35,35.016864563557505
2021-09-15,Men's Street Footwear,45,45.314311578086816
2021-07-10,Men's Street Footwear,35,35.36330271512565
2021-08-24,Men's Street Footwear,90,89.86419878327035
2021-12-16,Men's Street Footwear,70,69.68665865100772
2021-08-31,Men's Street Footwear,45,44.626240244346874
2021-02-17,Men's Street Footwear,35,34.84700169871211
2021-09-12,Men's Street Footwear,40,40.1080128378211
2021-08-10,Men's Street Footwear,85,85.0859003387799
2021-11-11,Men's Street Footwear,55,54.888504266745365
2021-12-23,Men's Street Footwear,65,65.10168367316747
2021-01-19,Men's Street Footwear,35,34.98304180799245
2021-06-11,Men's Street Footwear,50,49.818291412147666
2021-10-17,Men's Street Footwear,50,49.756378885537025
2021-07-17,Men's Street Footwear,40,39.91045550394175
2021-08-11,Men's Street Footwear,35,35.874675102697026
2021-12-23,Men's Street Footwear,65,65.10168367316747
2021-08-29,Men's Street Footwear,20,19.715394042432855
2021-05-15,Men's Street Footwear,50,49.7588647312464
2021-05-09,Men's Street Footwear,45,45.17610094634649
2020-02-01,Men's Street Footwear,60,60.10919674108927
2021-06-04,Men's Street Footwear,45,44.3735407470642
2020-11-01,Men's Street Footwear,40,39.98100061125655
2020-02-13,Men's Street Footwear,65,64.78501916512658
2021-08-08,Men's Street Footwear,50,49.56430371888891
2020-05-20,Men's Street Footwear,65,65.0302184317687
2021-07-25,Men's Street Footwear,55,54.93909078125877
2021-10-16,Men's Street Footwear,60,59.92348272244827
2021-03-10,Men's Street Footwear,20,20.255128413123344
2020-07-01,Men's Street Footwear,80,80.20431469646026
2021-06-18,Men's Street Footwear,45,44.84967279881063
2021-08-20,Men's Street Footwear,60,60.280916801687255
2021-05-16,Men's Street Footwear,40,39.86972254847981
2021-12-09,Men's Street Footwear,75,74.78065484196499
2021-11-16,Men's Street Footwear,50,50.04665765581004
2021-02-18,Men's Street Footwear,30,30.110166128994027
2020-04-20,Men's Street Footwear,65,64.95803901677391
2020-07-07,Men's Street Footwear,85,84.97371860499479
2021-08-11,Men's Street Footwear,20,19.931936930404724
2021-09-28,Men's Street Footwear,55,55.16136831583384
2021-10-10,Men's Street Footwear,40,40.176107923161105
2020-04-14,Men's Street Footwear,60,60.124391903136264
2021-01-11,Men's Street Footwear,25,24.888785001514627
2020-04-26,Men's Street Footwear,70,69.89266180949214
2021-01-05,Men's Street Footwear,20,20.3741526618798
2021-09-05,Men's Street Footwear,55,54.89824913734457
2021-11-05,Men's Street Footwear,35,34.806753916043704
2021-04-03,Men's Street Footwear,15,14.912461883421273
2021-04-09,Men's Street Footwear,40,39.84918963012542
2021-08-18,Men's Street Footwear,40,39.32378935855257
2021-06-10,Men's Street Footwear,70,69.9362414848225
2021-04-21,Men's Street Footwear,45,44.559905026295425
2021-07-22,Men's Street Footwear,50,50.44406110724321
2021-12-10,Men's Street Footwear,40,40.01089864636808
2021-06-13,Men's Street Footwear,50,50.39187599303091
2021-10-06,Men's Street Footwear,60,59.957091131528855
2021-08-13,Men's Street Footwear,55,54.89783291895612
2021-04-16,Men's Street Footwear,35,34.76056101196545
2021-11-09,Men's Street Footwear,60,59.98962091479214
2021-12-12,Men's Street Footwear,55,55.21115011761557
2021-02-11,Men's Street Footwear,25,25.30415975895584
2021-10-12,Men's Street Footwear,55,54.82962884206426
2021-06-24,Men's Street Footwear,55,54.82048188941332
2021-06-24,Men's Street Footwear,55,54.82048188941332
2021-07-12,Men's Street Footwear,50,50.266211510413015
2021-07-06,Men's Street Footwear,50,50.3865804026352
2021-12-04,Men's Street Footwear,55,55.14353549733256
2021-05-05,Men's Street Footwear,20,19.71462978558228
2021-03-19,Men's Street Footwear,20,19.75042753113327
2021-06-26,Men's Street Footwear,55,55.2353978763202
2021-08-26,Men's Street Footwear,60,60.1974833191361
2021-12-25,Men's Street Footwear,60,60.253275098924135
2021-10-04,Men's Street Footwear,40,40.20666489526319
2021-11-10,Men's Street Footwear,35,34.82817030599661
2021-04-17,Men's Street Footwear,25,25.09625189471081
2021-10-18,Men's Street Footwear,35,34.750622118329375
2021-06-21,Men's Street Footwear,40,40.00084147588542
2021-08-07,Men's Street Footwear,25,24.77265317066003
2021-08-13,Men's Street Footwear,30,29.727872614549003
2021-08-20,Men's Street Footwear,60,59.70993792780611
2021-07-12,Men's Street Footwear,55,54.929401898083746
2021-09-18,Men's Street Footwear,55,54.98499318573856
2021-07-13,Men's Street Footwear,55,54.929401898083746
2021-09-30,Men's Street Footwear,20,19.96341836343849
2021-07-10,Men's Street Footwear,60,59.67865435393196
2021-06-19,Men's Street Footwear,65,64.98905796855803
2021-08-18,Men's Street Footwear,65,64.96872631321423
2021-03-10,Men's Street Footwear,30,30.102788994380546
2021-06-18,Men's Street Footwear,35,35.06453613852338
2021-09-19,Men's Street Footwear,35,35.008508183647876
2021-05-12,Men's Street Footwear,35,34.65807867196407
2021-02-21,Men's Street Footwear,25,25.02158461256454
2021-12-19,Men's Street Footwear,70,69.86490826458247
2021-07-19,Men's Street Footwear,55,55.499086536746745
2021-07-17,Men's Street Footwear,65,65.10127046237288
2021-11-17,Men's Street Footwear,55,55.140333731064594
2021-05-19,Men's Street Footwear,40,39.82732178641374
2021-09-14,Men's Street Footwear,45,44.804561908424574
2021-07-21,Men's Street Footwear,50,50.24349481540574
2021-08-17,Men's Street Footwear,25,24.995438820504877
2021-08-23,Men's Street Footwear,30,30.136349448858674
2021-04-20,Men's Street Footwear,25,24.606919147964767
2021-10-21,Men's Street Footwear,30,29.33296630912781
2021-06-21,Men's Street Footwear,40,40.422475300033405
2021-02-14,Men's Street Footwear,25,24.617383272053907
2021-12-12,Men's Street Footwear,70,69.96548941213658
2021-12-09,Men's Street Footwear,60,60.273782568809466
2021-01-18,Men's Street Footwear,30,29.945927137736028
2020-03-09,Men's Street Footwear,60,60.033384522297055
2021-06-17,Men's Street Footwear,45,44.80247775065589
2021-04-11,Men's Street Footwear,30,29.930395151083925
2021-11-17,Men's Street Footwear,40,40.40229480013082
2021-02-04,Men's Street Footwear,25,25.112552392147578
2021-03-06,Men's Street Footwear,30,29.60506875311864
2021-06-23,Men's Street Footwear,50,50.01069397727732
2021-08-23,Men's Street Footwear,55,54.98758910149658
2021-12-22,Men's Street Footwear,45,44.61374701443445
2021-09-27,Men's Street Footwear,50,49.96852971455586
2021-12-13,Men's Street Footwear,65,65.16926211068161
2021-06-08,Men's Street Footwear,50,50.41728410328647
2021-01-27,Men's Street Footwear,40,39.638850660001495
2021-02-08,Men's Street Footwear,45,45.347753890457724
2021-08-07,Men's Street Footwear,50,50.386057896011614
2021-03-04,Men's Street Footwear,45,45.22527813160903
2021-07-13,Men's Street Footwear,55,54.97908491113324
2021-12-10,Men's Street Footwear,70,69.97173349562435
2021-02-19,Men's Street Footwear,50,50.620323121285814
2021-03-28,Men's Street Footwear,20,20.17998215079283
2021-05-19,Men's Street Footwear,40,39.70367873792514
2021-05-18,Men's Street Footwear,60,59.93026830482941
2021-04-27,Men's Street Footwear,50,50.5393809470812
2021-05-17,Men's Street Footwear,65,64.89396546673953
2021-05-09,Men's Street Footwear,30,30.258665733706493
2021-07-06,Men's Street Footwear,50,50.01780459380374
2021-08-01,Men's Street Footwear,20,20.00571277308343
2021-07-20,Men's Street Footwear,65,65.0162799408581
2020-03-03,Men's Street Footwear,60,59.92594457341961
2020-05-14,Men's Street Footwear,55,55.24269823261791
2020-06-07,Men's Street Footwear,50,50.04348329594327
2021-11-17,Men's Street Footwear,30,29.443225572044813
2021-02-21,Men's Street Footwear,25,25.152390155759733
2021-12-19,Men's Street Footwear,70,70.02095297737387
2021-07-06,Men's Street Footwear,50,49.94436438501792
2021-06-05,Men's Street Footwear,55,54.92637541501175
2021-08-04,Men's Street Footwear,55,54.88338131911919
2021-12-17,Men's Street Footwear,75,74.7867504032595
2021-01-09,Men's Street Footwear,35,35.19258043209185
2021-01-15,Men's Street Footwear,45,45.04163922207181
2021-03-17,Men's Street Footwear,35,35.34404227663538
2021-05-19,Men's Street Footwear,40,40.04019058719402
2021-01-21,Men's Street Footwear,40,39.54385564317969
2021-02-26,Men's Street Footwear,40,39.52119850965518
2021-03-16,Men's Street Footwear,25,24.959219258650407
2021-03-22,Men's Street Footwear,30,30.189026913250423
2021-05-03,Men's Street Footwear,35,35.2449262621848
2021-08-19,Men's Street Footwear,20,20.057990368239214
2021-02-22,Men's Street Footwear,55,54.741562981941186
2021-05-18,Men's Street Footwear,60,59.87169089403001
2021-06-22,Men's Street Footwear,65,64.7737269943335
2021-08-21,Men's Street Footwear,65,64.78967960282655
2020-02-19,Men's Street Footwear,60,59.95925723460475
2020-05-02,Men's Street Footwear,65,64.81895670710708
2020-07-13,Men's Street Footwear,70,69.80664282776343
2020-07-25,Men's Street Footwear,60,59.72204687748555
2021-02-14,Men's Street Footwear,45,44.686412001292865
2021-12-20,Men's Street Footwear,75,74.90945436829534
2021-08-22,Men's Street Footwear,50,50.00094230023198
2021-01-23,Men's Street Footwear,25,25.313971106606743
2021-09-19,Men's Street Footwear,50,50.01358487064393
2021-06-14,Men's Street Footwear,40,40.09852246483143
2021-06-10,Men's Street Footwear,40,40.13751808393272
2021-02-15,Men's Street Footwear,40,39.28560884557906
2021-12-03,Men's Street Footwear,65,64.98889536760163
2021-07-06,Men's Street Footwear,50,50.011548956633085
2021-11-24,Men's Street Footwear,45,44.94780449703381
2021-06-15,Men's Street Footwear,55,55.17454700522649
2021-08-14,Men's Street Footwear,55,55.15723330215901
2021-12-13,Men's Street Footwear,65,64.83042437096401
2021-04-18,Men's Street Footwear,35,35.27680823447591
2021-02-12,Men's Street Footwear,45,44.864249339689096
2021-02-22,Men's Street Footwear,55,54.741562981941186
2021-10-11,Men's Street Footwear,30,29.830617501795036
2021-05-20,Men's Street Footwear,65,64.79117222003708
2021-11-24,Men's Street Footwear,45,44.94780449703381
2021-03-19,Men's Street Footwear,20,20.23589202356184
2021-05-12,Men's Street Footwear,40,39.935574165764635
2021-03-16,Men's Street Footwear,30,30.05663467792972
2021-02-22,Men's Street Footwear,40,39.91221265975204
2021-10-04,Men's Street Footwear,40,40.0794561698618
2021-11-20,Men's Street Footwear,25,24.83399403122341
2021-01-16,Men's Street Footwear,25,24.996107124352772
2021-09-12,Men's Street Footwear,50,49.995437354591
2021-09-24,Men's Street Footwear,45,44.90303691463794
2021-07-11,Men's Street Footwear,50,49.908363510807405
2021-07-08,Men's Street Footwear,50,49.966529115072916
2021-05-27,Men's Street Footwear,55,55.18547848629442
2021-07-05,Men's Street Footwear,50,50.00274007663196
2021-06-03,Men's Street Footwear,35,34.83788592784823
2021-07-02,Men's Street Footwear,50,49.98266995759385
2021-12-02,Men's Street Footwear,60,60.09145776582739
2021-12-17,Men's Street Footwear,45,45.48427733013546
2021-02-10,Men's Street Footwear,35,35.397153998450975
2021-07-09,Men's Street Footwear,55,54.94090030282771
2021-06-11,Men's Street Footwear,30,29.61117398097063
2021-02-17,Men's Street Footwear,35,35.390004218817566
2021-09-12,Men's Street Footwear,30,29.636011919416063
2021-04-17,Men's Street Footwear,30,29.653950913153682
2021-05-13,Men's Street Footwear,55,55.086586502679566
2021-09-18,Men's Street Footwear,35,35.01302630000576
2021-12-06,Men's Street Footwear,60,60.121833131750485
2021-05-10,Men's Street Footwear,60,60.202096854932456
2021-03-17,Men's Street Footwear,50,50.771907482225714
2021-06-22,Men's Street Footwear,40,40.63020128814611
2021-09-23,Men's Street Footwear,50,49.9385371332218
2021-02-05,Men's Street Footwear,40,39.947096163303534
2021-12-21,Men's Street Footwear,65,64.88949516769459
2021-06-08,Men's Street Footwear,50,49.92923926149667
2021-08-07,Men's Street Footwear,50,49.94862115886013
2021-04-18,Men's Street Footwear,50,50.32119474366355
2021-09-17,Men's Street Footwear,65,64.82692543441613
2021-03-20,Men's Street Footwear,55,54.92432857684404
2021-07-12,Men's Street Footwear,50,49.93030872357559
2021-03-12,Men's Street Footwear,20,19.91879370812814
2021-05-11,Men's Street Footwear,60,59.75070475483674
2021-04-05,Men's Street Footwear,20,19.872687392355047
2021-03-13,Men's Street Footwear,40,39.80960325528928
2020-01-14,Men's Street Footwear,45,44.86017556785005
2021-05-03,Men's Street Footwear,55,55.07101922565467
2021-03-10,Men's Street Footwear,45,45.293819272023626
2020-01-20,Men's Street Footwear,60,60.018037423823735
2021-04-20,Men's Street Footwear,25,25.621447698586355
2020-01-26,Men's Street Footwear,60,59.8162750824651
2021-10-21,Men's Street Footwear,30,30.214281099540337
2021-02-12,Men's Street Footwear,40,39.9073621998845
2021-06-06,Men's Street Footwear,45,45.250954785642584
2021-08-12,Men's Street Footwear,50,50.05470875693986
2021-02-09,Men's Street Footwear,35,34.861466125675214
2021-08-09,Men's Street Footwear,50,50.01817753377678
2020-02-25,Men's Street Footwear,60,59.97882773179349
2021-06-06,Men's Street Footwear,35,35.51312281125528
2021-08-06,Men's Street Footwear,50,50.075932050016284
2020-03-27,Men's Street Footwear,40,40.220407218252014
2021-12-05,Men's Street Footwear,60,60.19121002728704
2021-08-03,Men's Street Footwear,50,49.94404516149362
2021-12-03,Men's Street Footwear,65,64.91373113236058
2021-08-10,Men's Street Footwear,50,49.99272817293561
2020-06-01,Men's Street Footwear,40,40.06824027304183
2020-01-08,Men's Street Footwear,35,35.218673968962115
2021-08-17,Men's Street Footwear,50,49.97261806221098
2020-06-13,Men's Street Footwear,70,69.76217559662399
2021-07-20,Men's Street Footwear,50,49.92821958193507
2020-03-21,Men's Street Footwear,30,30.131702541267245
2020-06-19,Men's Street Footwear,60,59.79050116596544
2021-01-17,Men's Street Footwear,40,39.77179755647788
2020-04-02,Men's Street Footwear,60,60.03021151598095
2021-04-14,Men's Street Footwear,40,39.79166707321689
2020-04-08,Men's Street Footwear,60,60.04927585507879
2020-07-19,Men's Street Footwear,60,59.83491529416552
2021-09-13,Men's Street Footwear,55,54.53333705451593
2021-02-08,Men's Street Footwear,35,34.88220538121918
2021-01-14,Men's Street Footwear,45,44.926781595034335
2021-04-11,Men's Street Footwear,45,44.70768118123577
2021-09-10,Men's Street Footwear,60,59.83065398196287
2020-11-22,Men's Street Footwear,50,49.90496667596266
2021-01-21,Men's Street Footwear,50,50.3945104039242
2020-05-08,Men's Street Footwear,55,54.63224572163398
2021-03-21,Men's Street Footwear,45,45.172439903500816
2021-05-23,Men's Street Footwear,50,50.26818646249343
2020-11-28,Men's Street Footwear,50,49.90220249584231
2021-05-07,Men's Street Footwear,60,59.58502978379023
2021-01-03,Men's Street Footwear,35,34.98307275809461
2021-03-09,Men's Street Footwear,25,24.71994080126319
2021-05-06,Men's Street Footwear,50,50.36933464518577
2021-03-03,Men's Street Footwear,40,40.07320621817708
2021-02-20,Men's Street Footwear,45,45.44077032442663
2021-06-26,Men's Street Footwear,45,45.669702051674285
2021-06-30,Men's Street Footwear,50,49.77718789780996
2021-07-18,Men's Street Footwear,50,49.69363726665913
2021-01-23,Men's Street Footwear,25,25.16404921732763
2021-11-17,Men's Street Footwear,55,55.39199782672817
2021-09-19,Men's Street Footwear,50,50.394432114806406
2021-08-05,Men's Street Footwear,60,59.578466543321575
2021-09-24,Men's Street Footwear,30,30.140426771422934
2021-08-13,Men's Street Footwear,60,60.02284386972846
2021-11-11,Men's Street Footwear,55,54.67089936442769
2021-07-16,Men's Street Footwear,60,60.040259758548984
2021-12-21,Men's Street Footwear,55,55.505805627679564
2021-12-16,Men's Street Footwear,65,64.88941567247325
2021-09-11,Men's Street Footwear,65,64.94024111274135
2021-04-21,Men's Street Footwear,55,55.04612029736175
2021-11-21,Men's Street Footwear,65,64.8646187645756
2021-09-20,Men's Street Footwear,65,64.7134031411298
2021-06-15,Men's Street Footwear,55,55.17210659915695
2021-11-27,Men's Street Footwear,65,64.82187599680096
2021-05-11,Men's Street Footwear,55,54.815138344660966
2021-03-16,Men's Street Footwear,50,50.30804924178429
2021-04-17,Men's Street Footwear,65,65.11096299549641
2021-11-10,Men's Street Footwear,55,54.894935029547405
2021-02-17,Men's Street Footwear,40,39.890395706392034
2021-08-14,Men's Street Footwear,55,54.90975205927266
2020-10-23,Men's Street Footwear,35,34.923027004037166
2021-07-03,Men's Street Footwear,55,54.96845770330376
2021-06-12,Men's Street Footwear,60,60.05925524613022
2021-08-11,Men's Street Footwear,60,60.01743739036138
2021-07-02,Men's Street Footwear,45,45.29251040015086
2021-03-22,Men's Street Footwear,40,39.90928888518137
2021-04-23,Men's Street Footwear,50,50.2970278940326
2021-10-23,Men's Street Footwear,45,45.09610430004506
2021-10-18,Men's Street Footwear,40,40.7676609869479
2021-10-18,Men's Street Footwear,35,35.14535131724637
2021-03-09,Men's Street Footwear,45,44.59333636139821
2021-04-10,Men's Street Footwear,60,59.989547745779255
2021-09-18,Men's Street Footwear,60,59.44938636251133
2021-11-23,Men's Street Footwear,45,45.102266408593174
2021-11-11,Men's Street Footwear,30,29.434845024856983
2021-05-18,Men's Street Footwear,45,45.81860046324373
2021-03-16,Men's Street Footwear,45,44.59677583815349
2021-02-13,Men's Street Footwear,30,30.212044896918055
2021-04-17,Men's Street Footwear,50,50.196258777779825
2021-05-25,Men's Street Footwear,50,49.65918232973768
2021-03-25,Men's Street Footwear,45,45.267600361692104
2021-05-24,Men's Street Footwear,50,49.89627232323841
2021-04-26,Men's Street Footwear,55,54.871094048799314
2021-02-26,Men's Street Footwear,35,34.94599421870735
2021-10-26,Men's Street Footwear,50,49.8991075281355
2021-03-12,Men's Street Footwear,40,39.79850283358436
2021-04-13,Men's Street Footwear,50,50.2339570877406
2021-11-26,Men's Street Footwear,60,60.02558914957203
2021-05-14,Men's Street Footwear,50,49.973164016522134
2021-10-13,Men's Street Footwear,45,45.497925758393556
2021-11-18,Men's Street Footwear,35,34.9726270913658
2021-01-22,Men's Street Footwear,40,39.89454860573042
2021-11-13,Men's Street Footwear,55,54.77363649707259
2021-05-25,Men's Street Footwear,50,49.65918232973768
2021-02-17,Men's Street Footwear,35,35.0707775781415
2021-09-18,Men's Street Footwear,45,45.06703682187789
2021-04-13,Men's Street Footwear,25,24.880752610229646
2021-10-14,Men's Street Footwear,30,30.289173729250532
2021-06-12,Men's Street Footwear,45,45.15855693044907
2021-12-11,Men's Street Footwear,60,60.04858940452129
2021-06-09,Men's Street Footwear,40,40.80785345411602
2021-12-08,Men's Street Footwear,60,59.9716611696572
2021-02-24,Men's Street Footwear,30,29.833888811886226
2021-02-06,Men's Street Footwear,30,30.14189624936586
2021-02-03,Men's Street Footwear,30,30.17042004785796
2021-02-23,Men's Street Footwear,30,29.579095723217865
2021-01-10,Men's Street Footwear,35,34.99650323774434
2021-04-10,Men's Street Footwear,25,24.80497654827842
2021-01-26,Men's Street Footwear,35,35.15887475022231
2021-01-17,Men's Street Footwear,35,34.96142612006787
2021-09-25,Men's Street Footwear,50,49.92634317357508
2021-06-22,Men's Street Footwear,50,49.67521053422371
2021-08-21,Men's Street Footwear,50,50.08760577730254
2021-01-07,Men's Street Footwear,40,39.90063681251331
2021-04-04,Men's Street Footwear,40,39.73919366184791
2021-09-03,Men's Street Footwear,55,54.667129915095984
2021-12-06,Men's Street Footwear,60,59.9716611696572
2021-02-15,Men's Street Footwear,40,40.02215568695816
2021-01-24,Men's Street Footwear,55,54.71886674160053
2021-06-12,Men's Street Footwear,50,49.977497370193014
2021-06-24,Men's Street Footwear,60,60.374764223803865
2021-11-05,Men's Street Footwear,55,55.14326326875945
2021-04-22,Men's Street Footwear,45,44.3091563783392
2021-03-11,Men's Street Footwear,40,40.0394899442144
2021-05-13,Men's Street Footwear,60,60.16963450502048
2021-03-08,Men's Street Footwear,30,30.089960285565372
2021-05-10,Men's Street Footwear,60,60.11231398833254
2021-05-04,Men's Street Footwear,60,60.0105688308111
2021-03-06,Men's Street Footwear,35,35.40389260537891
2021-05-13,Men's Street Footwear,55,54.928227971316446
2021-11-20,Men's Street Footwear,25,25.307831098358758
2021-05-31,Men's Street Footwear,45,45.22548786663314
2021-01-12,Men's Street Footwear,40,39.85819237837969
2021-09-13,Men's Street Footwear,45,45.42219164589892
2021-01-09,Men's Street Footwear,35,34.98891558421155
2021-09-10,Men's Street Footwear,40,40.37100633354534
2021-04-06,Men's Street Footwear,20,20.276576450171532
2021-10-28,Men's Street Footwear,45,45.216592618818275
2021-12-09,Men's Street Footwear,65,65.32244905368248
2021-09-07,Men's Street Footwear,35,34.96923100672396
2021-12-27,Men's Street Footwear,70,70.0958011925499
2021-09-04,Men's Street Footwear,35,34.91040318029755
2021-09-11,Men's Street Footwear,35,34.917730862120436
2021-02-22,Men's Street Footwear,35,35.234005164713054
2021-10-15,Men's Street Footwear,60,60.09775270364679
2021-01-10,Men's Street Footwear,35,34.98891558421155
2021-04-07,Men's Street Footwear,35,35.0345002674396
2021-09-06,Men's Street Footwear,50,49.66331349436398
2021-02-08,Men's Street Footwear,35,35.04581640377865
2021-01-13,Men's Street Footwear,30,29.8704892751237
2021-10-12,Men's Street Footwear,65,64.5750577553813
2021-10-19,Men's Street Footwear,70,70.05425211303385
2021-11-15,Men's Street Footwear,60,60.27452748005194
2021-10-24,Men's Street Footwear,40,40.55487300503176
2021-03-05,Men's Street Footwear,20,20.12215239790948
2021-03-02,Men's Street Footwear,20,19.914369129174894
2020-12-22,Men's Street Footwear,55,54.487150722281186
2021-05-20,Men's Street Footwear,50,49.94680102353873
2021-05-06,Men's Street Footwear,50,50.05671984419536
2020-12-28,Men's Street Footwear,35,35.10122443505608
2021-03-13,Men's Street Footwear,40,40.00141969824885
2021-10-22,Men's Street Footwear,55,54.809529715010214
2021-06-18,Men's Street Footwear,50,49.94259422815695
2021-11-09,Men's Street Footwear,50,49.92985377673438
2020-01-02,Men's Street Footwear,35,34.64265152010072
2021-01-23,Men's Street Footwear,30,29.98068890354379
2020-05-26,Men's Street Footwear,40,40.35736565666108
2021-11-13,Men's Street Footwear,25,25.190944678798772
2020-10-17,Men's Street Footwear,35,34.62270594196818
2021-04-12,Men's Street Footwear,40,39.445202507272796
2021-04-09,Men's Street Footwear,30,29.567748738606916
2021-01-06,Men's Street Footwear,30,29.779760211992077
2020-12-04,Men's Street Footwear,45,45.112432017831445
2021-01-03,Men's Street Footwear,30,30.13718852578102
2021-05-27,Men's Street Footwear,35,34.92371949969387
2021-11-17,Men's Street Footwear,45,45.77516796885584
2021-12-20,Men's Street Footwear,60,59.75970045090225
2021-11-14,Men's Street Footwear,65,64.91247221237862
2021-10-05,Men's Street Footwear,60,59.76464632005351
2021-07-26,Men's Street Footwear,50,49.96646309343938
2021-01-17,Men's Street Footwear,40,39.496913327421275
2021-12-17,Men's Street Footwear,65,65.17985268449337
2021-04-14,Men's Street Footwear,40,39.35178620077651
2021-09-13,Men's Street Footwear,55,54.86713710171334
2021-02-10,Men's Street Footwear,35,35.05060325497103
2021-10-12,Men's Street Footwear,40,40.39169892575301
2021-11-11,Men's Street Footwear,70,70.29502930298665
2021-10-30,Men's Street Footwear,40,40.19661999906068
2021-12-27,Men's Street Footwear,55,55.10976137110382
2021-11-18,Men's Street Footwear,75,74.76796720699443
2021-11-03,Men's Street Footwear,50,49.944989524445354
2020-10-29,Men's Street Footwear,40,40.27739231710201
2020-11-10,Men's Street Footwear,50,50.04521372173003
2021-10-22,Men's Street Footwear,70,70.28492198136213
2021-10-10,Men's Street Footwear,55,54.87246971590672
2021-03-20,Men's Street Footwear,35,34.67902069660897
2021-11-22,Men's Street Footwear,50,49.85382507153285
2021-02-24,Men's Street Footwear,30,29.833888811886226
2021-03-06,Men's Street Footwear,35,34.7608710525962
2021-09-25,Men's Street Footwear,50,49.92634317357508
2021-07-24,Men's Street Footwear,60,59.88158263477625
2021-10-22,Men's Street Footwear,45,44.88630316970487
2020-03-15,Men's Street Footwear,30,30.400568161054228
2021-06-20,Men's Street Footwear,40,39.951529055956875
2021-03-23,Men's Street Footwear,40,39.632679548380125
2021-07-08,Men's Street Footwear,40,40.06904323539078
2021-04-24,Men's Street Footwear,55,55.25185352815359
2021-10-19,Men's Street Footwear,60,59.97663217365201
2020-11-16,Men's Street Footwear,45,44.85021818777164
2021-10-17,Men's Street Footwear,50,50.10792626654446
2021-05-21,Men's Street Footwear,35,35.587048860921634
2021-11-10,Men's Street Footwear,45,44.79376260382049
2021-11-21,Men's Street Footwear,75,74.99903142481088
2021-10-17,Men's Street Footwear,45,44.737511637250016
2021-01-24,Men's Street Footwear,35,35.044208387847796
2021-04-21,Men's Street Footwear,35,35.54173731809157
2021-01-17,Men's Street Footwear,40,39.80347669318429
2021-03-23,Men's Street Footwear,40,39.632679548380125
2021-09-20,Men's Street Footwear,50,49.924310135593075
2021-04-24,Men's Street Footwear,55,55.25185352815359
2021-10-08,Men's Street Footwear,55,54.59939438314627
2021-11-04,Men's Street Footwear,65,64.74239976694113
2021-01-17,Men's Street Footwear,35,35.126324705338945
2021-01-10,Men's Street Footwear,35,35.25532613645691
2021-04-07,Men's Street Footwear,35,35.17568691208361
2020-12-10,Men's Street Footwear,45,45.09656794290124
2021-09-06,Men's Street Footwear,50,49.887981113849605
2021-10-17,Men's Street Footwear,35,35.95680577869152
2021-06-08,Men's Street Footwear,40,39.90913459323397
2021-01-24,Men's Street Footwear,30,29.95381140514705
2021-11-18,Men's Street Footwear,65,64.89846613529225
2021-01-10,Men's Street Footwear,35,34.934376220806854
2021-10-24,Men's Street Footwear,40,39.88497770723142
2021-01-10,Men's Street Footwear,35,34.934376220806854
2021-06-02,Men's Street Footwear,40,39.73190510064041
2021-06-14,Men's Street Footwear,45,44.58642076228937
2021-07-30,Men's Street Footwear,60,59.93110521015674
2021-12-15,Men's Street Footwear,60,60.177655183244845
2021-10-12,Men's Street Footwear,55,54.806718423622364
2021-11-12,Men's Street Footwear,55,54.89078563245283
2021-10-09,Men's Street Footwear,50,50.11150780920023
2021-11-09,Men's Street Footwear,50,50.164177233114934
2021-10-06,Men's Street Footwear,45,45.29582770944768
2021-01-24,Men's Street Footwear,30,29.95381140514705
2021-11-06,Men's Street Footwear,45,45.28806024379333
2021-11-03,Men's Street Footwear,45,45.17333633435351
2021-10-10,Men's Street Footwear,45,45.28806024379333
2020-11-04,Men's Street Footwear,40,39.97254042989344
2021-10-24,Men's Street Footwear,40,39.88497770723142
2021-11-07,Men's Street Footwear,60,59.99227173361977
2021-10-15,Men's Street Footwear,60,59.99678781330644
2021-12-21,Men's Street Footwear,70,69.76526823287855
2021-07-20,Men's Street Footwear,40,40.05353355841977
2021-11-21,Men's Street Footwear,60,59.76335506426766
2021-11-07,Men's Street Footwear,60,59.80938957757224
2021-07-14,Men's Street Footwear,40,40.045539414634824
2021-10-03,Men's Street Footwear,45,44.401435773565865
2021-10-22,Men's Street Footwear,55,55.3347399044475
2021-10-08,Men's Street Footwear,55,55.30260309804913
2021-11-14,Men's Street Footwear,65,65.04885343673598
2020-12-16,Men's Street Footwear,50,49.62200632065346
